run-id,use_vernalisation_fix,sowing-date,harvest-date,crop-id,sim.json,crop.json,site.json,incl_hist,climate_path_to_latlon_file,climate_path_to_csvs,gcm,rcm,scenario,ensmem,version,start_date,end_date,groundwater-level,impenetrable-layer,elevation,slope,latitude,landcover,fertilization,NitrogenResponseOn,irrigation,WaterDeficitResponseOn,EmergenceMoistureControlOn,EmergenceFloodingControlOn,LeafExtensionModifier,CO2,O3,FieldConditionModifier,StageTemperatureSum,comment,region_name
1,TRUE,fixed,auto,RYE,sim.json,crop.json,site.json,FALSE,dwd_core_ensemble,dwd_core_ensemble/csvs_dwd_core_ensemble,CCCma-CanESM2,CLMcom-CCLM4-8-17,rcp85,r1i1p1,v1,01/01/2021,31/12/2099,FALSE,FALSE,TRUE,TRUE,TRUE,FALSE,FALSE,TRUE,TRUE,TRUE,FALSE,FALSE,FALSE,,,1,100_256_230_100_267_25,historic_runs,Brandenburg
2,TRUE,fixed,auto,WW_sfix_hauto,sim.json,crop.json,site.json,FALSE,dwd_core_ensemble,dwd_core_ensemble/csvs_dwd_core_ensemble,ICHEC-EC-EARTH,CLMcom-CCLM4-8-17,rcp26,r12i1p1,v1,01/01/2021,31/12/2099,FALSE,FALSE,TRUE,TRUE,TRUE,FALSE,FALSE,TRUE,FALSE,TRUE,FALSE,FALSE,FALSE,,,0.73,100_256_230_100_267_25,historic_runs,Brandenburg
3,TRUE,fixed,auto,WW_sfix_hauto,sim.json,crop.json,site.json,FALSE,dwd_core_ensemble,dwd_core_ensemble/csvs_dwd_core_ensemble,ICHEC-EC-EARTH,KNMI-RACMO22E,rcp26,r12i1p1,v1,01/01/2021,31/12/2099,FALSE,FALSE,TRUE,TRUE,TRUE,FALSE,FALSE,TRUE,FALSE,TRUE,FALSE,FALSE,FALSE,,,0.73,100_256_230_100_267_25,historic_runs,Brandenburg
4,TRUE,fixed,auto,WW_sfix_hauto,sim.json,crop.json,site.json,FALSE,dwd_core_ensemble,dwd_core_ensemble/csvs_dwd_core_ensemble,ICHEC-EC-EARTH,KNMI-RACMO22E,rcp45,r1i1p1,v1,01/01/2021,31/12/2099,FALSE,FALSE,TRUE,TRUE,TRUE,FALSE,FALSE,TRUE,FALSE,TRUE,FALSE,FALSE,FALSE,,,0.73,100_256_230_100_267_25,historic_runs,Brandenburg
5,TRUE,fixed,auto,WW_sfix_hauto,sim.json,crop.json,site.json,FALSE,dwd_core_ensemble,dwd_core_ensemble/csvs_dwd_core_ensemble,ICHEC-EC-EARTH,KNMI-RACMO22E,rcp45,r12i1p1,v1,01/01/2021,31/12/2099,FALSE,FALSE,TRUE,TRUE,TRUE,FALSE,FALSE,TRUE,FALSE,TRUE,FALSE,FALSE,FALSE,,,0.73,100_256_230_100_267_25,historic_runs,Brandenburg
6,TRUE,fixed,auto,WW_sfix_hauto,sim.json,crop.json,site.json,FALSE,dwd_core_ensemble,dwd_core_ensemble/csvs_dwd_core_ensemble,ICHEC-EC-EARTH,KNMI-RACMO22E,rcp85,r1i1p1,v1,01/01/2021,31/12/2099,FALSE,FALSE,TRUE,TRUE,TRUE,FALSE,FALSE,TRUE,FALSE,TRUE,FALSE,FALSE,FALSE,,,0.73,100_256_230_100_267_25,historic_runs,Brandenburg
7,TRUE,fixed,auto,WW_sfix_hauto,sim.json,crop.json,site.json,FALSE,dwd_core_ensemble,dwd_core_ensemble/csvs_dwd_core_ensemble,ICHEC-EC-EARTH,SMHI-RCA4,rcp45,r12i1p1,v1,01/01/2021,31/12/2099,FALSE,FALSE,TRUE,TRUE,TRUE,FALSE,FALSE,TRUE,FALSE,TRUE,FALSE,FALSE,FALSE,,,0.73,100_256_230_100_267_25,historic_runs,Brandenburg
8,TRUE,fixed,auto,WW_sfix_hauto,sim.json,crop.json,site.json,FALSE,dwd_core_ensemble,dwd_core_ensemble/csvs_dwd_core_ensemble,MIROC-MIROC5,CLMcom-CCLM4-8-17,rcp26,r1i1p1,v1,01/01/2021,31/12/2099,FALSE,FALSE,TRUE,TRUE,TRUE,FALSE,FALSE,TRUE,FALSE,TRUE,FALSE,FALSE,FALSE,,,0.73,100_256_230_100_267_25,historic_runs,Brandenburg
9,TRUE,fixed,auto,WW_sfix_hauto,sim.json,crop.json,site.json,FALSE,dwd_core_ensemble,dwd_core_ensemble/csvs_dwd_core_ensemble,MIROC-MIROC5,GERICS-REMO2015,rcp85,r1i1p1,v1,01/01/2021,31/12/2099,FALSE,FALSE,TRUE,TRUE,TRUE,FALSE,FALSE,TRUE,FALSE,TRUE,FALSE,FALSE,FALSE,,,0.73,100_256_230_100_267_25,historic_runs,Brandenburg
10,TRUE,fixed,auto,WW_sfix_hauto,sim.json,crop.json,site.json,FALSE,dwd_core_ensemble,dwd_core_ensemble/csvs_dwd_core_ensemble,MOHC-HadGEM2-ES,CLMcom-CCLM4-8-17,rcp45,r1i1p1,v1,01/01/2021,31/12/2099,FALSE,FALSE,TRUE,TRUE,TRUE,FALSE,FALSE,TRUE,FALSE,TRUE,FALSE,FALSE,FALSE,,,0.73,100_256_230_100_267_25,historic_runs,Brandenburg
11,TRUE,fixed,auto,WW_sfix_hauto,sim.json,crop.json,site.json,FALSE,dwd_core_ensemble,dwd_core_ensemble/csvs_dwd_core_ensemble,MOHC-HadGEM2-ES,CLMcom-CCLM4-8-17,rcp85,r1i1p1,v1,01/01/2021,31/12/2099,FALSE,FALSE,TRUE,TRUE,TRUE,FALSE,FALSE,TRUE,FALSE,TRUE,FALSE,FALSE,FALSE,,,0.73,100_256_230_100_267_25,historic_runs,Brandenburg
12,TRUE,fixed,auto,WW_sfix_hauto,sim.json,crop.json,site.json,FALSE,dwd_core_ensemble,dwd_core_ensemble/csvs_dwd_core_ensemble,MOHC-HadGEM2-ES,KNMI-RACMO22E,rcp26,r1i1p1,v2,01/01/2021,31/12/2099,FALSE,FALSE,TRUE,TRUE,TRUE,FALSE,FALSE,TRUE,FALSE,TRUE,FALSE,FALSE,FALSE,,,0.73,100_256_230_100_267_25,historic_runs,Brandenburg
13,TRUE,fixed,auto,WW_sfix_hauto,sim.json,crop.json,site.json,FALSE,dwd_core_ensemble,dwd_core_ensemble/csvs_dwd_core_ensemble,MPI-M-MPI-ESM-LR,MPI-CSC-REMO2009,rcp26,r2i1p1,v1,01/01/2021,31/12/2099,FALSE,FALSE,TRUE,TRUE,TRUE,FALSE,FALSE,TRUE,FALSE,TRUE,FALSE,FALSE,FALSE,,,0.73,100_256_230_100_267_25,historic_runs,Brandenburg
14,TRUE,fixed,auto,WW_sfix_hauto,sim.json,crop.json,site.json,FALSE,dwd_core_ensemble,dwd_core_ensemble/csvs_dwd_core_ensemble,MPI-M-MPI-ESM-LR,MPI-CSC-REMO2009,rcp45,r1i1p1,v1,01/01/2021,31/12/2099,FALSE,FALSE,TRUE,TRUE,TRUE,FALSE,FALSE,TRUE,FALSE,TRUE,FALSE,FALSE,FALSE,,,0.73,100_256_230_100_267_25,historic_runs,Brandenburg
15,TRUE,fixed,auto,WW_sfix_hauto,sim.json,crop.json,site.json,FALSE,dwd_core_ensemble,dwd_core_ensemble/csvs_dwd_core_ensemble,MPI-M-MPI-ESM-LR,MPI-CSC-REMO2009,rcp45,r2i1p1,v1,01/01/2021,31/12/2099,FALSE,FALSE,TRUE,TRUE,TRUE,FALSE,FALSE,TRUE,FALSE,TRUE,FALSE,FALSE,FALSE,,,0.73,100_256_230_100_267_25,historic_runs,Brandenburg
16,TRUE,fixed,auto,WW_sfix_hauto,sim.json,crop.json,site.json,FALSE,dwd_core_ensemble,dwd_core_ensemble/csvs_dwd_core_ensemble,MPI-M-MPI-ESM-LR,MPI-CSC-REMO2009,rcp85,r2i1p1,v1,01/01/2021,31/12/2099,FALSE,FALSE,TRUE,TRUE,TRUE,FALSE,FALSE,TRUE,FALSE,TRUE,FALSE,FALSE,FALSE,,,0.73,100_256_230_100_267_25,historic_runs,Brandenburg
17,TRUE,fixed,auto,WW_sfix_hauto,sim.json,crop.json,site.json,FALSE,dwd_core_ensemble,dwd_core_ensemble/csvs_dwd_core_ensemble,MPI-M-MPI-ESM-LR,UHOH-WRF361H,rcp85,r1i1p1,v1,01/01/2021,31/12/2099,FALSE,FALSE,TRUE,TRUE,TRUE,FALSE,FALSE,TRUE,FALSE,TRUE,FALSE,FALSE,FALSE,,,0.73,100_256_230_100_267_25,historic_runs,Brandenburg
18,TRUE,fixed,auto,WW_sfix_hauto,sim.json,crop.json,site.json,FALSE,dwd_core_ensemble,dwd_core_ensemble/csvs_dwd_core_ensemble,CCCma-CanESM2,CLMcom-CCLM4-8-17,rcp85,r1i1p1,v1,01/01/2021,31/12/2099,FALSE,FALSE,TRUE,TRUE,TRUE,FALSE,FALSE,TRUE,FALSE,TRUE,FALSE,FALSE,FALSE,,,0.73,100_256_230_100_267_25,historic_runs,Brandenburg
19,TRUE,fixed,auto,WW_sfix_hauto,sim.json,crop.json,site.json,FALSE,dwd_core_ensemble,dwd_core_ensemble/csvs_dwd_core_ensemble,ICHEC-EC-EARTH,CLMcom-CCLM4-8-17,rcp26,r12i1p1,v1,01/01/2021,31/12/2099,FALSE,FALSE,TRUE,TRUE,TRUE,FALSE,FALSE,TRUE,FALSE,TRUE,FALSE,FALSE,FALSE,,,0.73,100_256_230_100_267_25,historic_runs,Brandenburg
20,TRUE,fixed,auto,WW_sfix_hauto,sim.json,crop.json,site.json,FALSE,dwd_core_ensemble,dwd_core_ensemble/csvs_dwd_core_ensemble,ICHEC-EC-EARTH,KNMI-RACMO22E,rcp26,r12i1p1,v1,01/01/2021,31/12/2099,FALSE,FALSE,TRUE,TRUE,TRUE,FALSE,FALSE,TRUE,FALSE,TRUE,FALSE,FALSE,FALSE,,,0.73,100_256_230_100_267_25,historic_runs,Brandenburg
21,TRUE,fixed,auto,WW_sfix_hauto,sim.json,crop.json,site.json,FALSE,dwd_core_ensemble,dwd_core_ensemble/csvs_dwd_core_ensemble,ICHEC-EC-EARTH,KNMI-RACMO22E,rcp45,r1i1p1,v1,01/01/2021,31/12/2099,FALSE,FALSE,TRUE,TRUE,TRUE,FALSE,FALSE,TRUE,FALSE,TRUE,FALSE,FALSE,FALSE,,,0.73,100_256_230_100_267_25,historic_runs,Brandenburg
22,TRUE,fixed,auto,WW_sfix_hauto,sim.json,crop.json,site.json,FALSE,dwd_core_ensemble,dwd_core_ensemble/csvs_dwd_core_ensemble,ICHEC-EC-EARTH,KNMI-RACMO22E,rcp45,r12i1p1,v1,01/01/2021,31/12/2099,FALSE,FALSE,TRUE,TRUE,TRUE,FALSE,FALSE,TRUE,FALSE,TRUE,FALSE,FALSE,FALSE,,,0.73,100_256_230_100_267_25,historic_runs,Brandenburg
23,TRUE,fixed,auto,WW_sfix_hauto,sim.json,crop.json,site.json,FALSE,dwd_core_ensemble,dwd_core_ensemble/csvs_dwd_core_ensemble,ICHEC-EC-EARTH,KNMI-RACMO22E,rcp85,r1i1p1,v1,01/01/2021,31/12/2099,FALSE,FALSE,TRUE,TRUE,TRUE,FALSE,FALSE,TRUE,FALSE,TRUE,FALSE,FALSE,FALSE,,,0.73,100_256_230_100_267_25,historic_runs,Brandenburg
24,TRUE,fixed,auto,WW_sfix_hauto,sim.json,crop.json,site.json,FALSE,dwd_core_ensemble,dwd_core_ensemble/csvs_dwd_core_ensemble,ICHEC-EC-EARTH,SMHI-RCA4,rcp45,r12i1p1,v1,01/01/2021,31/12/2099,FALSE,FALSE,TRUE,TRUE,TRUE,FALSE,FALSE,TRUE,FALSE,TRUE,FALSE,FALSE,FALSE,,,0.73,100_256_230_100_267_25,historic_runs,Brandenburg
25,TRUE,fixed,auto,WW_sfix_hauto,sim.json,crop.json,site.json,FALSE,dwd_core_ensemble,dwd_core_ensemble/csvs_dwd_core_ensemble,MIROC-MIROC5,CLMcom-CCLM4-8-17,rcp26,r1i1p1,v1,01/01/2021,31/12/2099,FALSE,FALSE,TRUE,TRUE,TRUE,FALSE,FALSE,TRUE,FALSE,TRUE,FALSE,FALSE,FALSE,,,0.73,100_256_230_100_267_25,historic_runs,Brandenburg
26,TRUE,fixed,auto,WW_sfix_hauto,sim.json,crop.json,site.json,FALSE,dwd_core_ensemble,dwd_core_ensemble/csvs_dwd_core_ensemble,MIROC-MIROC5,GERICS-REMO2015,rcp85,r1i1p1,v1,01/01/2021,31/12/2099,FALSE,FALSE,TRUE,TRUE,TRUE,FALSE,FALSE,TRUE,FALSE,TRUE,FALSE,FALSE,FALSE,,,0.73,100_256_230_100_267_25,historic_runs,Brandenburg
27,TRUE,fixed,auto,WW_sfix_hauto,sim.json,crop.json,site.json,FALSE,dwd_core_ensemble,dwd_core_ensemble/csvs_dwd_core_ensemble,MOHC-HadGEM2-ES,CLMcom-CCLM4-8-17,rcp45,r1i1p1,v1,01/01/2021,31/12/2099,FALSE,FALSE,TRUE,TRUE,TRUE,FALSE,FALSE,TRUE,FALSE,TRUE,FALSE,FALSE,FALSE,,,0.73,100_256_230_100_267_25,historic_runs,Brandenburg
28,TRUE,fixed,auto,WW_sfix_hauto,sim.json,crop.json,site.json,FALSE,dwd_core_ensemble,dwd_core_ensemble/csvs_dwd_core_ensemble,MOHC-HadGEM2-ES,CLMcom-CCLM4-8-17,rcp85,r1i1p1,v1,01/01/2021,31/12/2099,FALSE,FALSE,TRUE,TRUE,TRUE,FALSE,FALSE,TRUE,FALSE,TRUE,FALSE,FALSE,FALSE,,,0.73,100_256_230_100_267_25,historic_runs,Brandenburg
29,TRUE,fixed,auto,WW_sfix_hauto,sim.json,crop.json,site.json,FALSE,dwd_core_ensemble,dwd_core_ensemble/csvs_dwd_core_ensemble,MOHC-HadGEM2-ES,KNMI-RACMO22E,rcp26,r1i1p1,v2,01/01/2021,31/12/2099,FALSE,FALSE,TRUE,TRUE,TRUE,FALSE,FALSE,TRUE,FALSE,TRUE,FALSE,FALSE,FALSE,,,0.73,100_256_230_100_267_25,historic_runs,Brandenburg
30,TRUE,fixed,auto,WW_sfix_hauto,sim.json,crop.json,site.json,FALSE,dwd_core_ensemble,dwd_core_ensemble/csvs_dwd_core_ensemble,MPI-M-MPI-ESM-LR,MPI-CSC-REMO2009,rcp26,r2i1p1,v1,01/01/2021,31/12/2099,FALSE,FALSE,TRUE,TRUE,TRUE,FALSE,FALSE,TRUE,FALSE,TRUE,FALSE,FALSE,FALSE,,,0.73,100_256_230_100_267_25,historic_runs,Brandenburg
31,TRUE,fixed,auto,WW_sfix_hauto,sim.json,crop.json,site.json,FALSE,dwd_core_ensemble,dwd_core_ensemble/csvs_dwd_core_ensemble,MPI-M-MPI-ESM-LR,MPI-CSC-REMO2009,rcp45,r1i1p1,v1,01/01/2021,31/12/2099,FALSE,FALSE,TRUE,TRUE,TRUE,FALSE,FALSE,TRUE,FALSE,TRUE,FALSE,FALSE,FALSE,,,0.73,100_256_230_100_267_25,historic_runs,Brandenburg
32,TRUE,fixed,auto,WW_sfix_hauto,sim.json,crop.json,site.json,FALSE,dwd_core_ensemble,dwd_core_ensemble/csvs_dwd_core_ensemble,MPI-M-MPI-ESM-LR,MPI-CSC-REMO2009,rcp45,r2i1p1,v1,01/01/2021,31/12/2099,FALSE,FALSE,TRUE,TRUE,TRUE,FALSE,FALSE,TRUE,FALSE,TRUE,FALSE,FALSE,FALSE,,,0.73,100_256_230_100_267_25,historic_runs,Brandenburg
33,TRUE,fixed,auto,WW_sfix_hauto,sim.json,crop.json,site.json,FALSE,dwd_core_ensemble,dwd_core_ensemble/csvs_dwd_core_ensemble,MPI-M-MPI-ESM-LR,MPI-CSC-REMO2009,rcp85,r2i1p1,v1,01/01/2021,31/12/2099,FALSE,FALSE,TRUE,TRUE,TRUE,FALSE,FALSE,TRUE,FALSE,TRUE,FALSE,FALSE,FALSE,,,0.73,100_256_230_100_267_25,historic_runs,Brandenburg
34,TRUE,fixed,auto,WW_sfix_hauto,sim.json,crop.json,site.json,FALSE,dwd_core_ensemble,dwd_core_ensemble/csvs_dwd_core_ensemble,MPI-M-MPI-ESM-LR,UHOH-WRF361H,rcp85,r1i1p1,v1,01/01/2021,31/12/2099,FALSE,FALSE,TRUE,TRUE,TRUE,FALSE,FALSE,TRUE,FALSE,TRUE,FALSE,FALSE,FALSE,,,0.73,100_256_230_100_267_25,historic_runs,Brandenburg
35,TRUE,fixed,auto,WW_sfix_hauto,sim.json,crop.json,site.json,FALSE,dwd_core_ensemble,dwd_core_ensemble/csvs_dwd_core_ensemble,CCCma-CanESM2,CLMcom-CCLM4-8-17,rcp85,r1i1p1,v1,01/01/2021,31/12/2099,FALSE,FALSE,TRUE,TRUE,TRUE,FALSE,FALSE,TRUE,FALSE,TRUE,FALSE,FALSE,FALSE,,,0.73,100_256_230_100_267_25,historic_runs,Brandenburg
36,TRUE,fixed,auto,WW_sfix_hauto,sim.json,crop.json,site.json,FALSE,dwd_core_ensemble,dwd_core_ensemble/csvs_dwd_core_ensemble,ICHEC-EC-EARTH,CLMcom-CCLM4-8-17,rcp26,r12i1p1,v1,01/01/2021,31/12/2099,FALSE,FALSE,TRUE,TRUE,TRUE,FALSE,FALSE,TRUE,FALSE,TRUE,FALSE,FALSE,FALSE,,,0.73,100_256_230_100_267_25,historic_runs,Brandenburg
37,TRUE,fixed,auto,WW_sfix_hauto,sim.json,crop.json,site.json,FALSE,dwd_core_ensemble,dwd_core_ensemble/csvs_dwd_core_ensemble,ICHEC-EC-EARTH,KNMI-RACMO22E,rcp26,r12i1p1,v1,01/01/2021,31/12/2099,FALSE,FALSE,TRUE,TRUE,TRUE,FALSE,FALSE,TRUE,FALSE,TRUE,FALSE,FALSE,FALSE,,,0.73,100_256_230_100_267_25,historic_runs,Brandenburg
38,TRUE,fixed,auto,WW_sfix_hauto,sim.json,crop.json,site.json,FALSE,dwd_core_ensemble,dwd_core_ensemble/csvs_dwd_core_ensemble,ICHEC-EC-EARTH,KNMI-RACMO22E,rcp45,r1i1p1,v1,01/01/2021,31/12/2099,FALSE,FALSE,TRUE,TRUE,TRUE,FALSE,FALSE,TRUE,FALSE,TRUE,FALSE,FALSE,FALSE,,,0.73,100_256_230_100_267_25,historic_runs,Brandenburg
39,TRUE,fixed,auto,WW_sfix_hauto,sim.json,crop.json,site.json,FALSE,dwd_core_ensemble,dwd_core_ensemble/csvs_dwd_core_ensemble,ICHEC-EC-EARTH,KNMI-RACMO22E,rcp45,r12i1p1,v1,01/01/2021,31/12/2099,FALSE,FALSE,TRUE,TRUE,TRUE,FALSE,FALSE,TRUE,FALSE,TRUE,FALSE,FALSE,FALSE,,,0.73,100_256_230_100_267_25,historic_runs,Brandenburg
40,TRUE,fixed,auto,WW_sfix_hauto,sim.json,crop.json,site.json,FALSE,dwd_core_ensemble,dwd_core_ensemble/csvs_dwd_core_ensemble,ICHEC-EC-EARTH,KNMI-RACMO22E,rcp85,r1i1p1,v1,01/01/2021,31/12/2099,FALSE,FALSE,TRUE,TRUE,TRUE,FALSE,FALSE,TRUE,FALSE,TRUE,FALSE,FALSE,FALSE,,,0.73,100_256_230_100_267_25,historic_runs,Brandenburg
41,TRUE,fixed,auto,WW_sfix_hauto,sim.json,crop.json,site.json,FALSE,dwd_core_ensemble,dwd_core_ensemble/csvs_dwd_core_ensemble,ICHEC-EC-EARTH,SMHI-RCA4,rcp45,r12i1p1,v1,01/01/2021,31/12/2099,FALSE,FALSE,TRUE,TRUE,TRUE,FALSE,FALSE,TRUE,FALSE,TRUE,FALSE,FALSE,FALSE,,,0.73,100_256_230_100_267_25,historic_runs,Brandenburg
42,TRUE,fixed,auto,WW_sfix_hauto,sim.json,crop.json,site.json,FALSE,dwd_core_ensemble,dwd_core_ensemble/csvs_dwd_core_ensemble,MIROC-MIROC5,CLMcom-CCLM4-8-17,rcp26,r1i1p1,v1,01/01/2021,31/12/2099,FALSE,FALSE,TRUE,TRUE,TRUE,FALSE,FALSE,TRUE,FALSE,TRUE,FALSE,FALSE,FALSE,,,0.73,100_256_230_100_267_25,historic_runs,Brandenburg
43,TRUE,fixed,auto,WW_sfix_hauto,sim.json,crop.json,site.json,FALSE,dwd_core_ensemble,dwd_core_ensemble/csvs_dwd_core_ensemble,MIROC-MIROC5,GERICS-REMO2015,rcp85,r1i1p1,v1,01/01/2021,31/12/2099,FALSE,FALSE,TRUE,TRUE,TRUE,FALSE,FALSE,TRUE,FALSE,TRUE,FALSE,FALSE,FALSE,,,0.73,100_256_230_100_267_25,historic_runs,Brandenburg
44,TRUE,fixed,auto,WW_sfix_hauto,sim.json,crop.json,site.json,FALSE,dwd_core_ensemble,dwd_core_ensemble/csvs_dwd_core_ensemble,MOHC-HadGEM2-ES,CLMcom-CCLM4-8-17,rcp45,r1i1p1,v1,01/01/2021,31/12/2099,FALSE,FALSE,TRUE,TRUE,TRUE,FALSE,FALSE,TRUE,FALSE,TRUE,FALSE,FALSE,FALSE,,,0.73,100_256_230_100_267_25,historic_runs,Brandenburg
45,TRUE,fixed,auto,WW_sfix_hauto,sim.json,crop.json,site.json,FALSE,dwd_core_ensemble,dwd_core_ensemble/csvs_dwd_core_ensemble,MOHC-HadGEM2-ES,CLMcom-CCLM4-8-17,rcp85,r1i1p1,v1,01/01/2021,31/12/2099,FALSE,FALSE,TRUE,TRUE,TRUE,FALSE,FALSE,TRUE,FALSE,TRUE,FALSE,FALSE,FALSE,,,0.73,100_256_230_100_267_25,historic_runs,Brandenburg
46,TRUE,fixed,auto,WW_sfix_hauto,sim.json,crop.json,site.json,FALSE,dwd_core_ensemble,dwd_core_ensemble/csvs_dwd_core_ensemble,MOHC-HadGEM2-ES,KNMI-RACMO22E,rcp26,r1i1p1,v2,01/01/2021,31/12/2099,FALSE,FALSE,TRUE,TRUE,TRUE,FALSE,FALSE,TRUE,FALSE,TRUE,FALSE,FALSE,FALSE,,,0.73,100_256_230_100_267_25,historic_runs,Brandenburg
47,TRUE,fixed,auto,WW_sfix_hauto,sim.json,crop.json,site.json,FALSE,dwd_core_ensemble,dwd_core_ensemble/csvs_dwd_core_ensemble,MPI-M-MPI-ESM-LR,MPI-CSC-REMO2009,rcp26,r2i1p1,v1,01/01/2021,31/12/2099,FALSE,FALSE,TRUE,TRUE,TRUE,FALSE,FALSE,TRUE,FALSE,TRUE,FALSE,FALSE,FALSE,,,0.73,100_256_230_100_267_25,historic_runs,Brandenburg
48,TRUE,fixed,auto,WW_sfix_hauto,sim.json,crop.json,site.json,FALSE,dwd_core_ensemble,dwd_core_ensemble/csvs_dwd_core_ensemble,MPI-M-MPI-ESM-LR,MPI-CSC-REMO2009,rcp45,r1i1p1,v1,01/01/2021,31/12/2099,FALSE,FALSE,TRUE,TRUE,TRUE,FALSE,FALSE,TRUE,FALSE,TRUE,FALSE,FALSE,FALSE,,,0.73,100_256_230_100_267_25,historic_runs,Brandenburg
49,TRUE,fixed,auto,WW_sfix_hauto,sim.json,crop.json,site.json,FALSE,dwd_core_ensemble,dwd_core_ensemble/csvs_dwd_core_ensemble,MPI-M-MPI-ESM-LR,MPI-CSC-REMO2009,rcp45,r2i1p1,v1,01/01/2021,31/12/2099,FALSE,FALSE,TRUE,TRUE,TRUE,FALSE,FALSE,TRUE,FALSE,TRUE,FALSE,FALSE,FALSE,,,0.73,100_256_230_100_267_25,historic_runs,Brandenburg
50,TRUE,fixed,auto,WW_sfix_hauto,sim.json,crop.json,site.json,FALSE,dwd_core_ensemble,dwd_core_ensemble/csvs_dwd_core_ensemble,MPI-M-MPI-ESM-LR,MPI-CSC-REMO2009,rcp85,r2i1p1,v1,01/01/2021,31/12/2099,FALSE,FALSE,TRUE,TRUE,TRUE,FALSE,FALSE,TRUE,FALSE,TRUE,FALSE,FALSE,FALSE,,,0.73,100_256_230_100_267_25,historic_runs,Brandenburg
51,TRUE,fixed,auto,WW_sfix_hauto,sim.json,crop.json,site.json,FALSE,dwd_core_ensemble,dwd_core_ensemble/csvs_dwd_core_ensemble,MPI-M-MPI-ESM-LR,UHOH-WRF361H,rcp85,r1i1p1,v1,01/01/2021,31/12/2099,FALSE,FALSE,TRUE,TRUE,TRUE,FALSE,FALSE,TRUE,FALSE,TRUE,FALSE,FALSE,FALSE,,,0.73,100_256_230_100_267_25,historic_runs,Brandenburg
52,TRUE,fixed,auto,WW_sfix_hauto,sim.json,crop.json,site.json,FALSE,dwd_core_ensemble,dwd_core_ensemble/csvs_dwd_core_ensemble,CCCma-CanESM2,CLMcom-CCLM4-8-17,rcp85,r1i1p1,v1,01/01/2021,31/12/2099,FALSE,FALSE,TRUE,TRUE,TRUE,FALSE,FALSE,TRUE,FALSE,TRUE,FALSE,FALSE,FALSE,,,0.73,100_256_230_100_267_25,historic_runs,Brandenburg
53,TRUE,fixed,auto,WW_sfix_hauto,sim.json,crop.json,site.json,FALSE,dwd_core_ensemble,dwd_core_ensemble/csvs_dwd_core_ensemble,ICHEC-EC-EARTH,CLMcom-CCLM4-8-17,rcp26,r12i1p1,v1,01/01/2021,31/12/2099,FALSE,FALSE,TRUE,TRUE,TRUE,FALSE,FALSE,TRUE,FALSE,TRUE,FALSE,FALSE,FALSE,,,0.73,100_256_230_100_267_25,historic_runs,Brandenburg
54,TRUE,fixed,auto,WW_sfix_hauto,sim.json,crop.json,site.json,FALSE,dwd_core_ensemble,dwd_core_ensemble/csvs_dwd_core_ensemble,ICHEC-EC-EARTH,KNMI-RACMO22E,rcp26,r12i1p1,v1,01/01/2021,31/12/2099,FALSE,FALSE,TRUE,TRUE,TRUE,FALSE,FALSE,TRUE,FALSE,TRUE,FALSE,FALSE,FALSE,,,0.73,100_256_230_100_267_25,historic_runs,Brandenburg
55,TRUE,fixed,auto,WW_sfix_hauto,sim.json,crop.json,site.json,FALSE,dwd_core_ensemble,dwd_core_ensemble/csvs_dwd_core_ensemble,ICHEC-EC-EARTH,KNMI-RACMO22E,rcp45,r1i1p1,v1,01/01/2021,31/12/2099,FALSE,FALSE,TRUE,TRUE,TRUE,FALSE,FALSE,TRUE,FALSE,TRUE,FALSE,FALSE,FALSE,,,0.73,100_256_230_100_267_25,historic_runs,Brandenburg
56,TRUE,fixed,auto,WW_sfix_hauto,sim.json,crop.json,site.json,FALSE,dwd_core_ensemble,dwd_core_ensemble/csvs_dwd_core_ensemble,ICHEC-EC-EARTH,KNMI-RACMO22E,rcp45,r12i1p1,v1,01/01/2021,31/12/2099,FALSE,FALSE,TRUE,TRUE,TRUE,FALSE,FALSE,TRUE,FALSE,TRUE,FALSE,FALSE,FALSE,,,0.73,100_256_230_100_267_25,historic_runs,Brandenburg
57,TRUE,fixed,auto,WW_sfix_hauto,sim.json,crop.json,site.json,FALSE,dwd_core_ensemble,dwd_core_ensemble/csvs_dwd_core_ensemble,ICHEC-EC-EARTH,KNMI-RACMO22E,rcp85,r1i1p1,v1,01/01/2021,31/12/2099,FALSE,FALSE,TRUE,TRUE,TRUE,FALSE,FALSE,TRUE,FALSE,TRUE,FALSE,FALSE,FALSE,,,0.73,100_256_230_100_267_25,historic_runs,Brandenburg
58,TRUE,fixed,auto,WW_sfix_hauto,sim.json,crop.json,site.json,FALSE,dwd_core_ensemble,dwd_core_ensemble/csvs_dwd_core_ensemble,ICHEC-EC-EARTH,SMHI-RCA4,rcp45,r12i1p1,v1,01/01/2021,31/12/2099,FALSE,FALSE,TRUE,TRUE,TRUE,FALSE,FALSE,TRUE,FALSE,TRUE,FALSE,FALSE,FALSE,,,0.73,100_256_230_100_267_25,historic_runs,Brandenburg
59,TRUE,fixed,auto,WW_sfix_hauto,sim.json,crop.json,site.json,FALSE,dwd_core_ensemble,dwd_core_ensemble/csvs_dwd_core_ensemble,MIROC-MIROC5,CLMcom-CCLM4-8-17,rcp26,r1i1p1,v1,01/01/2021,31/12/2099,FALSE,FALSE,TRUE,TRUE,TRUE,FALSE,FALSE,TRUE,FALSE,TRUE,FALSE,FALSE,FALSE,,,0.73,100_256_230_100_267_25,historic_runs,Brandenburg
60,TRUE,fixed,auto,WW_sfix_hauto,sim.json,crop.json,site.json,FALSE,dwd_core_ensemble,dwd_core_ensemble/csvs_dwd_core_ensemble,MIROC-MIROC5,GERICS-REMO2015,rcp85,r1i1p1,v1,01/01/2021,31/12/2099,FALSE,FALSE,TRUE,TRUE,TRUE,FALSE,FALSE,TRUE,FALSE,TRUE,FALSE,FALSE,FALSE,,,0.73,100_256_230_100_267_25,historic_runs,Brandenburg
61,TRUE,fixed,auto,WW_sfix_hauto,sim.json,crop.json,site.json,FALSE,dwd_core_ensemble,dwd_core_ensemble/csvs_dwd_core_ensemble,MOHC-HadGEM2-ES,CLMcom-CCLM4-8-17,rcp45,r1i1p1,v1,01/01/2021,31/12/2099,FALSE,FALSE,TRUE,TRUE,TRUE,FALSE,FALSE,TRUE,FALSE,TRUE,FALSE,FALSE,FALSE,,,0.73,100_256_230_100_267_25,historic_runs,Brandenburg
62,TRUE,fixed,auto,WW_sfix_hauto,sim.json,crop.json,site.json,FALSE,dwd_core_ensemble,dwd_core_ensemble/csvs_dwd_core_ensemble,MOHC-HadGEM2-ES,CLMcom-CCLM4-8-17,rcp85,r1i1p1,v1,01/01/2021,31/12/2099,FALSE,FALSE,TRUE,TRUE,TRUE,FALSE,FALSE,TRUE,FALSE,TRUE,FALSE,FALSE,FALSE,,,0.73,100_256_230_100_267_25,historic_runs,Brandenburg
63,TRUE,fixed,auto,WW_sfix_hauto,sim.json,crop.json,site.json,FALSE,dwd_core_ensemble,dwd_core_ensemble/csvs_dwd_core_ensemble,MOHC-HadGEM2-ES,KNMI-RACMO22E,rcp26,r1i1p1,v2,01/01/2021,31/12/2099,FALSE,FALSE,TRUE,TRUE,TRUE,FALSE,FALSE,TRUE,FALSE,TRUE,FALSE,FALSE,FALSE,,,0.73,100_256_230_100_267_25,historic_runs,Brandenburg
64,TRUE,fixed,auto,WW_sfix_hauto,sim.json,crop.json,site.json,FALSE,dwd_core_ensemble,dwd_core_ensemble/csvs_dwd_core_ensemble,MPI-M-MPI-ESM-LR,MPI-CSC-REMO2009,rcp26,r2i1p1,v1,01/01/2021,31/12/2099,FALSE,FALSE,TRUE,TRUE,TRUE,FALSE,FALSE,TRUE,FALSE,TRUE,FALSE,FALSE,FALSE,,,0.73,100_256_230_100_267_25,historic_runs,Brandenburg
65,TRUE,fixed,auto,WW_sfix_hauto,sim.json,crop.json,site.json,FALSE,dwd_core_ensemble,dwd_core_ensemble/csvs_dwd_core_ensemble,MPI-M-MPI-ESM-LR,MPI-CSC-REMO2009,rcp45,r1i1p1,v1,01/01/2021,31/12/2099,FALSE,FALSE,TRUE,TRUE,TRUE,FALSE,FALSE,TRUE,FALSE,TRUE,FALSE,FALSE,FALSE,,,0.73,100_256_230_100_267_25,historic_runs,Brandenburg
66,TRUE,fixed,auto,WW_sfix_hauto,sim.json,crop.json,site.json,FALSE,dwd_core_ensemble,dwd_core_ensemble/csvs_dwd_core_ensemble,MPI-M-MPI-ESM-LR,MPI-CSC-REMO2009,rcp45,r2i1p1,v1,01/01/2021,31/12/2099,FALSE,FALSE,TRUE,TRUE,TRUE,FALSE,FALSE,TRUE,FALSE,TRUE,FALSE,FALSE,FALSE,,,0.73,100_256_230_100_267_25,historic_runs,Brandenburg
67,TRUE,fixed,auto,WW_sfix_hauto,sim.json,crop.json,site.json,FALSE,dwd_core_ensemble,dwd_core_ensemble/csvs_dwd_core_ensemble,MPI-M-MPI-ESM-LR,MPI-CSC-REMO2009,rcp85,r2i1p1,v1,01/01/2021,31/12/2099,FALSE,FALSE,TRUE,TRUE,TRUE,FALSE,FALSE,TRUE,FALSE,TRUE,FALSE,FALSE,FALSE,,,0.73,100_256_230_100_267_25,historic_runs,Brandenburg
68,TRUE,fixed,auto,WW_sfix_hauto,sim.json,crop.json,site.json,FALSE,dwd_core_ensemble,dwd_core_ensemble/csvs_dwd_core_ensemble,MPI-M-MPI-ESM-LR,UHOH-WRF361H,rcp85,r1i1p1,v1,01/01/2021,31/12/2099,FALSE,FALSE,TRUE,TRUE,TRUE,FALSE,FALSE,TRUE,FALSE,TRUE,FALSE,FALSE,FALSE,,,0.73,100_256_230_100_267_25,historic_runs,Brandenburg
69,TRUE,fixed,auto,WW_sfix_hauto,sim.json,crop.json,site.json,FALSE,dwd_core_ensemble,dwd_core_ensemble/csvs_dwd_core_ensemble,CCCma-CanESM2,CLMcom-CCLM4-8-17,rcp85,r1i1p1,v1,01/01/2021,31/12/2099,FALSE,FALSE,TRUE,TRUE,TRUE,FALSE,FALSE,TRUE,FALSE,TRUE,FALSE,FALSE,FALSE,,,0.73,100_256_230_100_267_25,historic_runs,Brandenburg
70,TRUE,fixed,auto,WW_sfix_hauto,sim.json,crop.json,site.json,FALSE,dwd_core_ensemble,dwd_core_ensemble/csvs_dwd_core_ensemble,ICHEC-EC-EARTH,CLMcom-CCLM4-8-17,rcp26,r12i1p1,v1,01/01/2021,31/12/2099,FALSE,FALSE,TRUE,TRUE,TRUE,FALSE,FALSE,TRUE,FALSE,TRUE,FALSE,FALSE,FALSE,,,0.73,100_256_230_100_267_25,historic_runs,Brandenburg
71,TRUE,fixed,auto,WW_sfix_hauto,sim.json,crop.json,site.json,FALSE,dwd_core_ensemble,dwd_core_ensemble/csvs_dwd_core_ensemble,ICHEC-EC-EARTH,KNMI-RACMO22E,rcp26,r12i1p1,v1,01/01/2021,31/12/2099,FALSE,FALSE,TRUE,TRUE,TRUE,FALSE,FALSE,TRUE,FALSE,TRUE,FALSE,FALSE,FALSE,,,0.73,100_256_230_100_267_25,historic_runs,Brandenburg
72,TRUE,fixed,auto,WW_sfix_hauto,sim.json,crop.json,site.json,FALSE,dwd_core_ensemble,dwd_core_ensemble/csvs_dwd_core_ensemble,ICHEC-EC-EARTH,KNMI-RACMO22E,rcp45,r1i1p1,v1,01/01/2021,31/12/2099,FALSE,FALSE,TRUE,TRUE,TRUE,FALSE,FALSE,TRUE,FALSE,TRUE,FALSE,FALSE,FALSE,,,0.73,100_256_230_100_267_25,historic_runs,Brandenburg
73,TRUE,fixed,auto,WW_sfix_hauto,sim.json,crop.json,site.json,FALSE,dwd_core_ensemble,dwd_core_ensemble/csvs_dwd_core_ensemble,ICHEC-EC-EARTH,KNMI-RACMO22E,rcp45,r12i1p1,v1,01/01/2021,31/12/2099,FALSE,FALSE,TRUE,TRUE,TRUE,FALSE,FALSE,TRUE,FALSE,TRUE,FALSE,FALSE,FALSE,,,0.73,100_256_230_100_267_25,historic_runs,Brandenburg
74,TRUE,fixed,auto,WW_sfix_hauto,sim.json,crop.json,site.json,FALSE,dwd_core_ensemble,dwd_core_ensemble/csvs_dwd_core_ensemble,ICHEC-EC-EARTH,KNMI-RACMO22E,rcp85,r1i1p1,v1,01/01/2021,31/12/2099,FALSE,FALSE,TRUE,TRUE,TRUE,FALSE,FALSE,TRUE,FALSE,TRUE,FALSE,FALSE,FALSE,,,0.73,100_256_230_100_267_25,historic_runs,Brandenburg
75,TRUE,fixed,auto,WW_sfix_hauto,sim.json,crop.json,site.json,FALSE,dwd_core_ensemble,dwd_core_ensemble/csvs_dwd_core_ensemble,ICHEC-EC-EARTH,SMHI-RCA4,rcp45,r12i1p1,v1,01/01/2021,31/12/2099,FALSE,FALSE,TRUE,TRUE,TRUE,FALSE,FALSE,TRUE,FALSE,TRUE,FALSE,FALSE,FALSE,,,0.73,100_256_230_100_267_25,historic_runs,Brandenburg
76,TRUE,fixed,auto,WW_sfix_hauto,sim.json,crop.json,site.json,FALSE,dwd_core_ensemble,dwd_core_ensemble/csvs_dwd_core_ensemble,MIROC-MIROC5,CLMcom-CCLM4-8-17,rcp26,r1i1p1,v1,01/01/2021,31/12/2099,FALSE,FALSE,TRUE,TRUE,TRUE,FALSE,FALSE,TRUE,FALSE,TRUE,FALSE,FALSE,FALSE,,,0.73,100_256_230_100_267_25,historic_runs,Brandenburg
77,TRUE,fixed,auto,WW_sfix_hauto,sim.json,crop.json,site.json,FALSE,dwd_core_ensemble,dwd_core_ensemble/csvs_dwd_core_ensemble,MIROC-MIROC5,GERICS-REMO2015,rcp85,r1i1p1,v1,01/01/2021,31/12/2099,FALSE,FALSE,TRUE,TRUE,TRUE,FALSE,FALSE,TRUE,FALSE,TRUE,FALSE,FALSE,FALSE,,,0.73,100_256_230_100_267_25,historic_runs,Brandenburg
78,TRUE,fixed,auto,WW_sfix_hauto,sim.json,crop.json,site.json,FALSE,dwd_core_ensemble,dwd_core_ensemble/csvs_dwd_core_ensemble,MOHC-HadGEM2-ES,CLMcom-CCLM4-8-17,rcp45,r1i1p1,v1,01/01/2021,31/12/2099,FALSE,FALSE,TRUE,TRUE,TRUE,FALSE,FALSE,TRUE,FALSE,TRUE,FALSE,FALSE,FALSE,,,0.73,100_256_230_100_267_25,historic_runs,Brandenburg
79,TRUE,fixed,auto,WW_sfix_hauto,sim.json,crop.json,site.json,FALSE,dwd_core_ensemble,dwd_core_ensemble/csvs_dwd_core_ensemble,MOHC-HadGEM2-ES,CLMcom-CCLM4-8-17,rcp85,r1i1p1,v1,01/01/2021,31/12/2099,FALSE,FALSE,TRUE,TRUE,TRUE,FALSE,FALSE,TRUE,FALSE,TRUE,FALSE,FALSE,FALSE,,,0.73,100_256_230_100_267_25,historic_runs,Brandenburg
80,TRUE,fixed,auto,WW_sfix_hauto,sim.json,crop.json,site.json,FALSE,dwd_core_ensemble,dwd_core_ensemble/csvs_dwd_core_ensemble,MOHC-HadGEM2-ES,KNMI-RACMO22E,rcp26,r1i1p1,v2,01/01/2021,31/12/2099,FALSE,FALSE,TRUE,TRUE,TRUE,FALSE,FALSE,TRUE,FALSE,TRUE,FALSE,FALSE,FALSE,,,0.73,100_256_230_100_267_25,historic_runs,Brandenburg
81,TRUE,fixed,auto,WW_sfix_hauto,sim.json,crop.json,site.json,FALSE,dwd_core_ensemble,dwd_core_ensemble/csvs_dwd_core_ensemble,MPI-M-MPI-ESM-LR,MPI-CSC-REMO2009,rcp26,r2i1p1,v1,01/01/2021,31/12/2099,FALSE,FALSE,TRUE,TRUE,TRUE,FALSE,FALSE,TRUE,FALSE,TRUE,FALSE,FALSE,FALSE,,,0.73,100_256_230_100_267_25,historic_runs,Brandenburg
82,TRUE,fixed,auto,WW_sfix_hauto,sim.json,crop.json,site.json,FALSE,dwd_core_ensemble,dwd_core_ensemble/csvs_dwd_core_ensemble,MPI-M-MPI-ESM-LR,MPI-CSC-REMO2009,rcp45,r1i1p1,v1,01/01/2021,31/12/2099,FALSE,FALSE,TRUE,TRUE,TRUE,FALSE,FALSE,TRUE,FALSE,TRUE,FALSE,FALSE,FALSE,,,0.73,100_256_230_100_267_25,historic_runs,Brandenburg
83,TRUE,fixed,auto,WW_sfix_hauto,sim.json,crop.json,site.json,FALSE,dwd_core_ensemble,dwd_core_ensemble/csvs_dwd_core_ensemble,MPI-M-MPI-ESM-LR,MPI-CSC-REMO2009,rcp45,r2i1p1,v1,01/01/2021,31/12/2099,FALSE,FALSE,TRUE,TRUE,TRUE,FALSE,FALSE,TRUE,FALSE,TRUE,FALSE,FALSE,FALSE,,,0.73,100_256_230_100_267_25,historic_runs,Brandenburg
84,TRUE,fixed,auto,WW_sfix_hauto,sim.json,crop.json,site.json,FALSE,dwd_core_ensemble,dwd_core_ensemble/csvs_dwd_core_ensemble,MPI-M-MPI-ESM-LR,MPI-CSC-REMO2009,rcp85,r2i1p1,v1,01/01/2021,31/12/2099,FALSE,FALSE,TRUE,TRUE,TRUE,FALSE,FALSE,TRUE,FALSE,TRUE,FALSE,FALSE,FALSE,,,0.73,100_256_230_100_267_25,historic_runs,Brandenburg
85,TRUE,fixed,auto,WW_sfix_hauto,sim.json,crop.json,site.json,FALSE,dwd_core_ensemble,dwd_core_ensemble/csvs_dwd_core_ensemble,MPI-M-MPI-ESM-LR,UHOH-WRF361H,rcp85,r1i1p1,v1,01/01/2021,31/12/2099,FALSE,FALSE,TRUE,TRUE,TRUE,FALSE,FALSE,TRUE,FALSE,TRUE,FALSE,FALSE,FALSE,,,0.73,100_256_230_100_267_25,historic_runs,Brandenburg
86,TRUE,fixed,auto,WW_sfix_hauto,sim.json,crop.json,site.json,FALSE,dwd_core_ensemble,dwd_core_ensemble/csvs_dwd_core_ensemble,CCCma-CanESM2,CLMcom-CCLM4-8-17,rcp85,r1i1p1,v1,01/01/2021,31/12/2099,FALSE,FALSE,TRUE,TRUE,TRUE,FALSE,FALSE,TRUE,FALSE,TRUE,FALSE,FALSE,FALSE,,,0.73,100_256_230_100_267_25,historic_runs,Brandenburg
87,TRUE,fixed,auto,WW_sfix_hauto,sim.json,crop.json,site.json,FALSE,dwd_core_ensemble,dwd_core_ensemble/csvs_dwd_core_ensemble,ICHEC-EC-EARTH,CLMcom-CCLM4-8-17,rcp26,r12i1p1,v1,01/01/2021,31/12/2099,FALSE,FALSE,TRUE,TRUE,TRUE,FALSE,FALSE,TRUE,FALSE,TRUE,FALSE,FALSE,FALSE,,,0.73,100_256_230_100_267_25,historic_runs,Brandenburg
88,TRUE,fixed,auto,WW_sfix_hauto,sim.json,crop.json,site.json,FALSE,dwd_core_ensemble,dwd_core_ensemble/csvs_dwd_core_ensemble,ICHEC-EC-EARTH,KNMI-RACMO22E,rcp26,r12i1p1,v1,01/01/2021,31/12/2099,FALSE,FALSE,TRUE,TRUE,TRUE,FALSE,FALSE,TRUE,FALSE,TRUE,FALSE,FALSE,FALSE,,,0.73,100_256_230_100_267_25,historic_runs,Brandenburg
89,TRUE,fixed,auto,WW_sfix_hauto,sim.json,crop.json,site.json,FALSE,dwd_core_ensemble,dwd_core_ensemble/csvs_dwd_core_ensemble,ICHEC-EC-EARTH,KNMI-RACMO22E,rcp45,r1i1p1,v1,01/01/2021,31/12/2099,FALSE,FALSE,TRUE,TRUE,TRUE,FALSE,FALSE,TRUE,FALSE,TRUE,FALSE,FALSE,FALSE,,,0.73,100_256_230_100_267_25,historic_runs,Brandenburg
80,TRUE,fixed,auto,WW_sfix_hauto,sim.json,crop.json,site.json,FALSE,dwd_core_ensemble,dwd_core_ensemble/csvs_dwd_core_ensemble,ICHEC-EC-EARTH,KNMI-RACMO22E,rcp45,r12i1p1,v1,01/01/2021,31/12/2099,FALSE,FALSE,TRUE,TRUE,TRUE,FALSE,FALSE,TRUE,FALSE,TRUE,FALSE,FALSE,FALSE,,,0.73,100_256_230_100_267_25,historic_runs,Brandenburg
91,TRUE,fixed,auto,WW_sfix_hauto,sim.json,crop.json,site.json,FALSE,dwd_core_ensemble,dwd_core_ensemble/csvs_dwd_core_ensemble,ICHEC-EC-EARTH,KNMI-RACMO22E,rcp85,r1i1p1,v1,01/01/2021,31/12/2099,FALSE,FALSE,TRUE,TRUE,TRUE,FALSE,FALSE,TRUE,FALSE,TRUE,FALSE,FALSE,FALSE,,,0.73,100_256_230_100_267_25,historic_runs,Brandenburg
92,TRUE,fixed,auto,WW_sfix_hauto,sim.json,crop.json,site.json,FALSE,dwd_core_ensemble,dwd_core_ensemble/csvs_dwd_core_ensemble,ICHEC-EC-EARTH,SMHI-RCA4,rcp45,r12i1p1,v1,01/01/2021,31/12/2099,FALSE,FALSE,TRUE,TRUE,TRUE,FALSE,FALSE,TRUE,FALSE,TRUE,FALSE,FALSE,FALSE,,,0.73,100_256_230_100_267_25,historic_runs,Brandenburg
93,TRUE,fixed,auto,WW_sfix_hauto,sim.json,crop.json,site.json,FALSE,dwd_core_ensemble,dwd_core_ensemble/csvs_dwd_core_ensemble,MIROC-MIROC5,CLMcom-CCLM4-8-17,rcp26,r1i1p1,v1,01/01/2021,31/12/2099,FALSE,FALSE,TRUE,TRUE,TRUE,FALSE,FALSE,TRUE,FALSE,TRUE,FALSE,FALSE,FALSE,,,0.73,100_256_230_100_267_25,historic_runs,Brandenburg
94,TRUE,fixed,auto,WW_sfix_hauto,sim.json,crop.json,site.json,FALSE,dwd_core_ensemble,dwd_core_ensemble/csvs_dwd_core_ensemble,MIROC-MIROC5,GERICS-REMO2015,rcp85,r1i1p1,v1,01/01/2021,31/12/2099,FALSE,FALSE,TRUE,TRUE,TRUE,FALSE,FALSE,TRUE,FALSE,TRUE,FALSE,FALSE,FALSE,,,0.73,100_256_230_100_267_25,historic_runs,Brandenburg
95,TRUE,fixed,auto,WW_sfix_hauto,sim.json,crop.json,site.json,FALSE,dwd_core_ensemble,dwd_core_ensemble/csvs_dwd_core_ensemble,MOHC-HadGEM2-ES,CLMcom-CCLM4-8-17,rcp45,r1i1p1,v1,01/01/2021,31/12/2099,FALSE,FALSE,TRUE,TRUE,TRUE,FALSE,FALSE,TRUE,FALSE,TRUE,FALSE,FALSE,FALSE,,,0.73,100_256_230_100_267_25,historic_runs,Brandenburg
96,TRUE,fixed,auto,WW_sfix_hauto,sim.json,crop.json,site.json,FALSE,dwd_core_ensemble,dwd_core_ensemble/csvs_dwd_core_ensemble,MOHC-HadGEM2-ES,CLMcom-CCLM4-8-17,rcp85,r1i1p1,v1,01/01/2021,31/12/2099,FALSE,FALSE,TRUE,TRUE,TRUE,FALSE,FALSE,TRUE,FALSE,TRUE,FALSE,FALSE,FALSE,,,0.73,100_256_230_100_267_25,historic_runs,Brandenburg
97,TRUE,fixed,auto,WW_sfix_hauto,sim.json,crop.json,site.json,FALSE,dwd_core_ensemble,dwd_core_ensemble/csvs_dwd_core_ensemble,MOHC-HadGEM2-ES,KNMI-RACMO22E,rcp26,r1i1p1,v2,01/01/2021,31/12/2099,FALSE,FALSE,TRUE,TRUE,TRUE,FALSE,FALSE,TRUE,FALSE,TRUE,FALSE,FALSE,FALSE,,,0.73,100_256_230_100_267_25,historic_runs,Brandenburg
98,TRUE,fixed,auto,WW_sfix_hauto,sim.json,crop.json,site.json,FALSE,dwd_core_ensemble,dwd_core_ensemble/csvs_dwd_core_ensemble,MPI-M-MPI-ESM-LR,MPI-CSC-REMO2009,rcp26,r2i1p1,v1,01/01/2021,31/12/2099,FALSE,FALSE,TRUE,TRUE,TRUE,FALSE,FALSE,TRUE,FALSE,TRUE,FALSE,FALSE,FALSE,,,0.73,100_256_230_100_267_25,historic_runs,Brandenburg
99,TRUE,fixed,auto,WW_sfix_hauto,sim.json,crop.json,site.json,FALSE,dwd_core_ensemble,dwd_core_ensemble/csvs_dwd_core_ensemble,MPI-M-MPI-ESM-LR,MPI-CSC-REMO2009,rcp45,r1i1p1,v1,01/01/2021,31/12/2099,FALSE,FALSE,TRUE,TRUE,TRUE,FALSE,FALSE,TRUE,FALSE,TRUE,FALSE,FALSE,FALSE,,,0.73,100_256_230_100_267_25,historic_runs,Brandenburg
100,TRUE,fixed,auto,WW_sfix_hauto,sim.json,crop.json,site.json,FALSE,dwd_core_ensemble,dwd_core_ensemble/csvs_dwd_core_ensemble,MPI-M-MPI-ESM-LR,MPI-CSC-REMO2009,rcp45,r2i1p1,v1,01/01/2021,31/12/2099,FALSE,FALSE,TRUE,TRUE,TRUE,FALSE,FALSE,TRUE,FALSE,TRUE,FALSE,FALSE,FALSE,,,0.73,100_256_230_100_267_25,historic_runs,Brandenburg
101,TRUE,fixed,auto,WW_sfix_hauto,sim.json,crop.json,site.json,FALSE,dwd_core_ensemble,dwd_core_ensemble/csvs_dwd_core_ensemble,MPI-M-MPI-ESM-LR,MPI-CSC-REMO2009,rcp85,r2i1p1,v1,01/01/2021,31/12/2099,FALSE,FALSE,TRUE,TRUE,TRUE,FALSE,FALSE,TRUE,FALSE,TRUE,FALSE,FALSE,FALSE,,,0.73,100_256_230_100_267_25,historic_runs,Brandenburg
102,TRUE,fixed,auto,WW_sfix_hauto,sim.json,crop.json,site.json,FALSE,dwd_core_ensemble,dwd_core_ensemble/csvs_dwd_core_ensemble,MPI-M-MPI-ESM-LR,UHOH-WRF361H,rcp85,r1i1p1,v1,01/01/2021,31/12/2099,FALSE,FALSE,TRUE,TRUE,TRUE,FALSE,FALSE,TRUE,FALSE,TRUE,FALSE,FALSE,FALSE,,,0.73,100_256_230_100_267_25,historic_runs,Brandenburg
103,TRUE,fixed,auto,WW_sfix_hauto,sim.json,crop.json,site.json,FALSE,dwd_core_ensemble,dwd_core_ensemble/csvs_dwd_core_ensemble,CCCma-CanESM2,CLMcom-CCLM4-8-17,rcp85,r1i1p1,v1,01/01/2021,31/12/2099,FALSE,FALSE,TRUE,TRUE,TRUE,FALSE,FALSE,TRUE,FALSE,TRUE,FALSE,FALSE,FALSE,,,0.73,100_256_230_100_267_25,historic_runs,Brandenburg
104,TRUE,fixed,auto,WW_sfix_hauto,sim.json,crop.json,site.json,FALSE,dwd_core_ensemble,dwd_core_ensemble/csvs_dwd_core_ensemble,ICHEC-EC-EARTH,CLMcom-CCLM4-8-17,rcp26,r12i1p1,v1,01/01/2021,31/12/2099,FALSE,FALSE,TRUE,TRUE,TRUE,FALSE,FALSE,TRUE,FALSE,TRUE,FALSE,FALSE,FALSE,,,0.73,100_256_230_100_267_25,historic_runs,Brandenburg
105,TRUE,fixed,auto,WW_sfix_hauto,sim.json,crop.json,site.json,FALSE,dwd_core_ensemble,dwd_core_ensemble/csvs_dwd_core_ensemble,ICHEC-EC-EARTH,KNMI-RACMO22E,rcp26,r12i1p1,v1,01/01/2021,31/12/2099,FALSE,FALSE,TRUE,TRUE,TRUE,FALSE,FALSE,TRUE,FALSE,TRUE,FALSE,FALSE,FALSE,,,0.73,100_256_230_100_267_25,historic_runs,Brandenburg
106,TRUE,fixed,auto,WW_sfix_hauto,sim.json,crop.json,site.json,FALSE,dwd_core_ensemble,dwd_core_ensemble/csvs_dwd_core_ensemble,ICHEC-EC-EARTH,KNMI-RACMO22E,rcp45,r1i1p1,v1,01/01/2021,31/12/2099,FALSE,FALSE,TRUE,TRUE,TRUE,FALSE,FALSE,TRUE,FALSE,TRUE,FALSE,FALSE,FALSE,,,0.73,100_256_230_100_267_25,historic_runs,Brandenburg
107,TRUE,fixed,auto,WW_sfix_hauto,sim.json,crop.json,site.json,FALSE,dwd_core_ensemble,dwd_core_ensemble/csvs_dwd_core_ensemble,ICHEC-EC-EARTH,KNMI-RACMO22E,rcp45,r12i1p1,v1,01/01/2021,31/12/2099,FALSE,FALSE,TRUE,TRUE,TRUE,FALSE,FALSE,TRUE,FALSE,TRUE,FALSE,FALSE,FALSE,,,0.73,100_256_230_100_267_25,historic_runs,Brandenburg
108,TRUE,fixed,auto,WW_sfix_hauto,sim.json,crop.json,site.json,FALSE,dwd_core_ensemble,dwd_core_ensemble/csvs_dwd_core_ensemble,ICHEC-EC-EARTH,KNMI-RACMO22E,rcp85,r1i1p1,v1,01/01/2021,31/12/2099,FALSE,FALSE,TRUE,TRUE,TRUE,FALSE,FALSE,TRUE,FALSE,TRUE,FALSE,FALSE,FALSE,,,0.73,100_256_230_100_267_25,historic_runs,Brandenburg
109,TRUE,fixed,auto,WW_sfix_hauto,sim.json,crop.json,site.json,FALSE,dwd_core_ensemble,dwd_core_ensemble/csvs_dwd_core_ensemble,ICHEC-EC-EARTH,SMHI-RCA4,rcp45,r12i1p1,v1,01/01/2021,31/12/2099,FALSE,FALSE,TRUE,TRUE,TRUE,FALSE,FALSE,TRUE,FALSE,TRUE,FALSE,FALSE,FALSE,,,0.73,100_256_230_100_267_25,historic_runs,Brandenburg
110,TRUE,fixed,auto,WW_sfix_hauto,sim.json,crop.json,site.json,FALSE,dwd_core_ensemble,dwd_core_ensemble/csvs_dwd_core_ensemble,MIROC-MIROC5,CLMcom-CCLM4-8-17,rcp26,r1i1p1,v1,01/01/2021,31/12/2099,FALSE,FALSE,TRUE,TRUE,TRUE,FALSE,FALSE,TRUE,FALSE,TRUE,FALSE,FALSE,FALSE,,,0.73,100_256_230_100_267_25,historic_runs,Brandenburg
111,TRUE,fixed,auto,WW_sfix_hauto,sim.json,crop.json,site.json,FALSE,dwd_core_ensemble,dwd_core_ensemble/csvs_dwd_core_ensemble,MIROC-MIROC5,GERICS-REMO2015,rcp85,r1i1p1,v1,01/01/2021,31/12/2099,FALSE,FALSE,TRUE,TRUE,TRUE,FALSE,FALSE,TRUE,FALSE,TRUE,FALSE,FALSE,FALSE,,,0.73,100_256_230_100_267_25,historic_runs,Brandenburg
112,TRUE,fixed,auto,WW_sfix_hauto,sim.json,crop.json,site.json,FALSE,dwd_core_ensemble,dwd_core_ensemble/csvs_dwd_core_ensemble,MOHC-HadGEM2-ES,CLMcom-CCLM4-8-17,rcp45,r1i1p1,v1,01/01/2021,31/12/2099,FALSE,FALSE,TRUE,TRUE,TRUE,FALSE,FALSE,TRUE,FALSE,TRUE,FALSE,FALSE,FALSE,,,0.73,100_256_230_100_267_25,historic_runs,Brandenburg
113,TRUE,fixed,auto,WW_sfix_hauto,sim.json,crop.json,site.json,FALSE,dwd_core_ensemble,dwd_core_ensemble/csvs_dwd_core_ensemble,MOHC-HadGEM2-ES,CLMcom-CCLM4-8-17,rcp85,r1i1p1,v1,01/01/2021,31/12/2099,FALSE,FALSE,TRUE,TRUE,TRUE,FALSE,FALSE,TRUE,FALSE,TRUE,FALSE,FALSE,FALSE,,,0.73,100_256_230_100_267_25,historic_runs,Brandenburg
114,TRUE,fixed,auto,WW_sfix_hauto,sim.json,crop.json,site.json,FALSE,dwd_core_ensemble,dwd_core_ensemble/csvs_dwd_core_ensemble,MOHC-HadGEM2-ES,KNMI-RACMO22E,rcp26,r1i1p1,v2,01/01/2021,31/12/2099,FALSE,FALSE,TRUE,TRUE,TRUE,FALSE,FALSE,TRUE,FALSE,TRUE,FALSE,FALSE,FALSE,,,0.73,100_256_230_100_267_25,historic_runs,Brandenburg
115,TRUE,fixed,auto,WW_sfix_hauto,sim.json,crop.json,site.json,FALSE,dwd_core_ensemble,dwd_core_ensemble/csvs_dwd_core_ensemble,MPI-M-MPI-ESM-LR,MPI-CSC-REMO2009,rcp26,r2i1p1,v1,01/01/2021,31/12/2099,FALSE,FALSE,TRUE,TRUE,TRUE,FALSE,FALSE,TRUE,FALSE,TRUE,FALSE,FALSE,FALSE,,,0.73,100_256_230_100_267_25,historic_runs,Brandenburg
116,TRUE,fixed,auto,WW_sfix_hauto,sim.json,crop.json,site.json,FALSE,dwd_core_ensemble,dwd_core_ensemble/csvs_dwd_core_ensemble,MPI-M-MPI-ESM-LR,MPI-CSC-REMO2009,rcp45,r1i1p1,v1,01/01/2021,31/12/2099,FALSE,FALSE,TRUE,TRUE,TRUE,FALSE,FALSE,TRUE,FALSE,TRUE,FALSE,FALSE,FALSE,,,0.73,100_256_230_100_267_25,historic_runs,Brandenburg
117,TRUE,fixed,auto,WW_sfix_hauto,sim.json,crop.json,site.json,FALSE,dwd_core_ensemble,dwd_core_ensemble/csvs_dwd_core_ensemble,MPI-M-MPI-ESM-LR,MPI-CSC-REMO2009,rcp45,r2i1p1,v1,01/01/2021,31/12/2099,FALSE,FALSE,TRUE,TRUE,TRUE,FALSE,FALSE,TRUE,FALSE,TRUE,FALSE,FALSE,FALSE,,,0.73,100_256_230_100_267_25,historic_runs,Brandenburg
118,TRUE,fixed,auto,WW_sfix_hauto,sim.json,crop.json,site.json,FALSE,dwd_core_ensemble,dwd_core_ensemble/csvs_dwd_core_ensemble,MPI-M-MPI-ESM-LR,MPI-CSC-REMO2009,rcp85,r2i1p1,v1,01/01/2021,31/12/2099,FALSE,FALSE,TRUE,TRUE,TRUE,FALSE,FALSE,TRUE,FALSE,TRUE,FALSE,FALSE,FALSE,,,0.73,100_256_230_100_267_25,historic_runs,Brandenburg
119,TRUE,fixed,auto,WW_sfix_hauto,sim.json,crop.json,site.json,FALSE,dwd_core_ensemble,dwd_core_ensemble/csvs_dwd_core_ensemble,MPI-M-MPI-ESM-LR,UHOH-WRF361H,rcp85,r1i1p1,v1,01/01/2021,31/12/2099,FALSE,FALSE,TRUE,TRUE,TRUE,FALSE,FALSE,TRUE,FALSE,TRUE,FALSE,FALSE,FALSE,,,0.73,100_256_230_100_267_25,historic_runs,Brandenburg
120,TRUE,fixed,auto,WW_sfix_hauto,sim.json,crop.json,site.json,FALSE,dwd_core_ensemble,dwd_core_ensemble/csvs_dwd_core_ensemble,CCCma-CanESM2,CLMcom-CCLM4-8-17,rcp85,r1i1p1,v1,01/01/2021,31/12/2099,FALSE,FALSE,TRUE,TRUE,TRUE,FALSE,FALSE,TRUE,FALSE,TRUE,FALSE,FALSE,FALSE,,,0.73,100_256_230_100_267_25,historic_runs,Brandenburg
121,TRUE,fixed,auto,WW_sfix_hauto,sim.json,crop.json,site.json,FALSE,dwd_core_ensemble,dwd_core_ensemble/csvs_dwd_core_ensemble,ICHEC-EC-EARTH,CLMcom-CCLM4-8-17,rcp26,r12i1p1,v1,01/01/2021,31/12/2099,FALSE,FALSE,TRUE,TRUE,TRUE,FALSE,FALSE,TRUE,FALSE,TRUE,FALSE,FALSE,FALSE,,,0.73,100_256_230_100_267_25,historic_runs,Brandenburg
122,TRUE,fixed,auto,WW_sfix_hauto,sim.json,crop.json,site.json,FALSE,dwd_core_ensemble,dwd_core_ensemble/csvs_dwd_core_ensemble,ICHEC-EC-EARTH,KNMI-RACMO22E,rcp26,r12i1p1,v1,01/01/2021,31/12/2099,FALSE,FALSE,TRUE,TRUE,TRUE,FALSE,FALSE,TRUE,FALSE,TRUE,FALSE,FALSE,FALSE,,,0.73,100_256_230_100_267_25,historic_runs,Brandenburg
123,TRUE,fixed,auto,WW_sfix_hauto,sim.json,crop.json,site.json,FALSE,dwd_core_ensemble,dwd_core_ensemble/csvs_dwd_core_ensemble,ICHEC-EC-EARTH,KNMI-RACMO22E,rcp45,r1i1p1,v1,01/01/2021,31/12/2099,FALSE,FALSE,TRUE,TRUE,TRUE,FALSE,FALSE,TRUE,FALSE,TRUE,FALSE,FALSE,FALSE,,,0.73,100_256_230_100_267_25,historic_runs,Brandenburg
124,TRUE,fixed,auto,WW_sfix_hauto,sim.json,crop.json,site.json,FALSE,dwd_core_ensemble,dwd_core_ensemble/csvs_dwd_core_ensemble,ICHEC-EC-EARTH,KNMI-RACMO22E,rcp45,r12i1p1,v1,01/01/2021,31/12/2099,FALSE,FALSE,TRUE,TRUE,TRUE,FALSE,FALSE,TRUE,FALSE,TRUE,FALSE,FALSE,FALSE,,,0.73,100_256_230_100_267_25,historic_runs,Brandenburg
125,TRUE,fixed,auto,WW_sfix_hauto,sim.json,crop.json,site.json,FALSE,dwd_core_ensemble,dwd_core_ensemble/csvs_dwd_core_ensemble,ICHEC-EC-EARTH,KNMI-RACMO22E,rcp85,r1i1p1,v1,01/01/2021,31/12/2099,FALSE,FALSE,TRUE,TRUE,TRUE,FALSE,FALSE,TRUE,FALSE,TRUE,FALSE,FALSE,FALSE,,,0.73,100_256_230_100_267_25,historic_runs,Brandenburg
126,TRUE,fixed,auto,WW_sfix_hauto,sim.json,crop.json,site.json,FALSE,dwd_core_ensemble,dwd_core_ensemble/csvs_dwd_core_ensemble,ICHEC-EC-EARTH,SMHI-RCA4,rcp45,r12i1p1,v1,01/01/2021,31/12/2099,FALSE,FALSE,TRUE,TRUE,TRUE,FALSE,FALSE,TRUE,FALSE,TRUE,FALSE,FALSE,FALSE,,,0.73,100_256_230_100_267_25,historic_runs,Brandenburg
127,TRUE,fixed,auto,WW_sfix_hauto,sim.json,crop.json,site.json,FALSE,dwd_core_ensemble,dwd_core_ensemble/csvs_dwd_core_ensemble,MIROC-MIROC5,CLMcom-CCLM4-8-17,rcp26,r1i1p1,v1,01/01/2021,31/12/2099,FALSE,FALSE,TRUE,TRUE,TRUE,FALSE,FALSE,TRUE,FALSE,TRUE,FALSE,FALSE,FALSE,,,0.73,100_256_230_100_267_25,historic_runs,Brandenburg
128,TRUE,fixed,auto,WW_sfix_hauto,sim.json,crop.json,site.json,FALSE,dwd_core_ensemble,dwd_core_ensemble/csvs_dwd_core_ensemble,MIROC-MIROC5,GERICS-REMO2015,rcp85,r1i1p1,v1,01/01/2021,31/12/2099,FALSE,FALSE,TRUE,TRUE,TRUE,FALSE,FALSE,TRUE,FALSE,TRUE,FALSE,FALSE,FALSE,,,0.73,100_256_230_100_267_25,historic_runs,Brandenburg
129,TRUE,fixed,auto,WW_sfix_hauto,sim.json,crop.json,site.json,FALSE,dwd_core_ensemble,dwd_core_ensemble/csvs_dwd_core_ensemble,MOHC-HadGEM2-ES,CLMcom-CCLM4-8-17,rcp45,r1i1p1,v1,01/01/2021,31/12/2099,FALSE,FALSE,TRUE,TRUE,TRUE,FALSE,FALSE,TRUE,FALSE,TRUE,FALSE,FALSE,FALSE,,,0.73,100_256_230_100_267_25,historic_runs,Brandenburg
130,TRUE,fixed,auto,WW_sfix_hauto,sim.json,crop.json,site.json,FALSE,dwd_core_ensemble,dwd_core_ensemble/csvs_dwd_core_ensemble,MOHC-HadGEM2-ES,CLMcom-CCLM4-8-17,rcp85,r1i1p1,v1,01/01/2021,31/12/2099,FALSE,FALSE,TRUE,TRUE,TRUE,FALSE,FALSE,TRUE,FALSE,TRUE,FALSE,FALSE,FALSE,,,0.73,100_256_230_100_267_25,historic_runs,Brandenburg
131,TRUE,fixed,auto,WW_sfix_hauto,sim.json,crop.json,site.json,FALSE,dwd_core_ensemble,dwd_core_ensemble/csvs_dwd_core_ensemble,MOHC-HadGEM2-ES,KNMI-RACMO22E,rcp26,r1i1p1,v2,01/01/2021,31/12/2099,FALSE,FALSE,TRUE,TRUE,TRUE,FALSE,FALSE,TRUE,FALSE,TRUE,FALSE,FALSE,FALSE,,,0.73,100_256_230_100_267_25,historic_runs,Brandenburg
132,TRUE,fixed,auto,WW_sfix_hauto,sim.json,crop.json,site.json,FALSE,dwd_core_ensemble,dwd_core_ensemble/csvs_dwd_core_ensemble,MPI-M-MPI-ESM-LR,MPI-CSC-REMO2009,rcp26,r2i1p1,v1,01/01/2021,31/12/2099,FALSE,FALSE,TRUE,TRUE,TRUE,FALSE,FALSE,TRUE,FALSE,TRUE,FALSE,FALSE,FALSE,,,0.73,100_256_230_100_267_25,historic_runs,Brandenburg
133,TRUE,fixed,auto,WW_sfix_hauto,sim.json,crop.json,site.json,FALSE,dwd_core_ensemble,dwd_core_ensemble/csvs_dwd_core_ensemble,MPI-M-MPI-ESM-LR,MPI-CSC-REMO2009,rcp45,r1i1p1,v1,01/01/2021,31/12/2099,FALSE,FALSE,TRUE,TRUE,TRUE,FALSE,FALSE,TRUE,FALSE,TRUE,FALSE,FALSE,FALSE,,,0.73,100_256_230_100_267_25,historic_runs,Brandenburg
134,TRUE,fixed,auto,WW_sfix_hauto,sim.json,crop.json,site.json,FALSE,dwd_core_ensemble,dwd_core_ensemble/csvs_dwd_core_ensemble,MPI-M-MPI-ESM-LR,MPI-CSC-REMO2009,rcp45,r2i1p1,v1,01/01/2021,31/12/2099,FALSE,FALSE,TRUE,TRUE,TRUE,FALSE,FALSE,TRUE,FALSE,TRUE,FALSE,FALSE,FALSE,,,0.73,100_256_230_100_267_25,historic_runs,Brandenburg
135,TRUE,fixed,auto,WW_sfix_hauto,sim.json,crop.json,site.json,FALSE,dwd_core_ensemble,dwd_core_ensemble/csvs_dwd_core_ensemble,MPI-M-MPI-ESM-LR,MPI-CSC-REMO2009,rcp85,r2i1p1,v1,01/01/2021,31/12/2099,FALSE,FALSE,TRUE,TRUE,TRUE,FALSE,FALSE,TRUE,FALSE,TRUE,FALSE,FALSE,FALSE,,,0.73,100_256_230_100_267_25,historic_runs,Brandenburg
136,TRUE,fixed,auto,WW_sfix_hauto,sim.json,crop.json,site.json,FALSE,dwd_core_ensemble,dwd_core_ensemble/csvs_dwd_core_ensemble,MPI-M-MPI-ESM-LR,UHOH-WRF361H,rcp85,r1i1p1,v1,01/01/2021,31/12/2099,FALSE,FALSE,TRUE,TRUE,TRUE,FALSE,FALSE,TRUE,FALSE,TRUE,FALSE,FALSE,FALSE,,,0.73,100_256_230_100_267_25,historic_runs,Brandenburg
137,TRUE,fixed,auto,WW_sfix_hauto,sim.json,crop.json,site.json,FALSE,dwd_core_ensemble,dwd_core_ensemble/csvs_dwd_core_ensemble,CCCma-CanESM2,CLMcom-CCLM4-8-17,rcp85,r1i1p1,v1,01/01/2021,31/12/2099,FALSE,FALSE,TRUE,TRUE,TRUE,FALSE,FALSE,TRUE,FALSE,TRUE,FALSE,FALSE,FALSE,,,0.73,100_256_230_100_267_25,historic_runs,Brandenburg
138,TRUE,fixed,auto,WW_sfix_hauto,sim.json,crop.json,site.json,FALSE,dwd_core_ensemble,dwd_core_ensemble/csvs_dwd_core_ensemble,ICHEC-EC-EARTH,CLMcom-CCLM4-8-17,rcp26,r12i1p1,v1,01/01/2021,31/12/2099,FALSE,FALSE,TRUE,TRUE,TRUE,FALSE,FALSE,TRUE,FALSE,TRUE,FALSE,FALSE,FALSE,,,0.73,100_256_230_100_267_25,historic_runs,Brandenburg
139,TRUE,fixed,auto,WW_sfix_hauto,sim.json,crop.json,site.json,FALSE,dwd_core_ensemble,dwd_core_ensemble/csvs_dwd_core_ensemble,ICHEC-EC-EARTH,KNMI-RACMO22E,rcp26,r12i1p1,v1,01/01/2021,31/12/2099,FALSE,FALSE,TRUE,TRUE,TRUE,FALSE,FALSE,TRUE,FALSE,TRUE,FALSE,FALSE,FALSE,,,0.73,100_256_230_100_267_25,historic_runs,Brandenburg
140,TRUE,fixed,auto,WW_sfix_hauto,sim.json,crop.json,site.json,FALSE,dwd_core_ensemble,dwd_core_ensemble/csvs_dwd_core_ensemble,ICHEC-EC-EARTH,KNMI-RACMO22E,rcp45,r1i1p1,v1,01/01/2021,31/12/2099,FALSE,FALSE,TRUE,TRUE,TRUE,FALSE,FALSE,TRUE,FALSE,TRUE,FALSE,FALSE,FALSE,,,0.73,100_256_230_100_267_25,historic_runs,Brandenburg
141,TRUE,fixed,auto,WW_sfix_hauto,sim.json,crop.json,site.json,FALSE,dwd_core_ensemble,dwd_core_ensemble/csvs_dwd_core_ensemble,ICHEC-EC-EARTH,KNMI-RACMO22E,rcp45,r12i1p1,v1,01/01/2021,31/12/2099,FALSE,FALSE,TRUE,TRUE,TRUE,FALSE,FALSE,TRUE,FALSE,TRUE,FALSE,FALSE,FALSE,,,0.73,100_256_230_100_267_25,historic_runs,Brandenburg
142,TRUE,fixed,auto,WW_sfix_hauto,sim.json,crop.json,site.json,FALSE,dwd_core_ensemble,dwd_core_ensemble/csvs_dwd_core_ensemble,ICHEC-EC-EARTH,KNMI-RACMO22E,rcp85,r1i1p1,v1,01/01/2021,31/12/2099,FALSE,FALSE,TRUE,TRUE,TRUE,FALSE,FALSE,TRUE,FALSE,TRUE,FALSE,FALSE,FALSE,,,0.73,100_256_230_100_267_25,historic_runs,Brandenburg
143,TRUE,fixed,auto,WW_sfix_hauto,sim.json,crop.json,site.json,FALSE,dwd_core_ensemble,dwd_core_ensemble/csvs_dwd_core_ensemble,ICHEC-EC-EARTH,SMHI-RCA4,rcp45,r12i1p1,v1,01/01/2021,31/12/2099,FALSE,FALSE,TRUE,TRUE,TRUE,FALSE,FALSE,TRUE,FALSE,TRUE,FALSE,FALSE,FALSE,,,0.73,100_256_230_100_267_25,historic_runs,Brandenburg
144,TRUE,fixed,auto,WW_sfix_hauto,sim.json,crop.json,site.json,FALSE,dwd_core_ensemble,dwd_core_ensemble/csvs_dwd_core_ensemble,MIROC-MIROC5,CLMcom-CCLM4-8-17,rcp26,r1i1p1,v1,01/01/2021,31/12/2099,FALSE,FALSE,TRUE,TRUE,TRUE,FALSE,FALSE,TRUE,FALSE,TRUE,FALSE,FALSE,FALSE,,,0.73,100_256_230_100_267_25,historic_runs,Brandenburg
145,TRUE,fixed,auto,WW_sfix_hauto,sim.json,crop.json,site.json,FALSE,dwd_core_ensemble,dwd_core_ensemble/csvs_dwd_core_ensemble,MIROC-MIROC5,GERICS-REMO2015,rcp85,r1i1p1,v1,01/01/2021,31/12/2099,FALSE,FALSE,TRUE,TRUE,TRUE,FALSE,FALSE,TRUE,FALSE,TRUE,FALSE,FALSE,FALSE,,,0.73,100_256_230_100_267_25,historic_runs,Brandenburg
146,TRUE,fixed,auto,WW_sfix_hauto,sim.json,crop.json,site.json,FALSE,dwd_core_ensemble,dwd_core_ensemble/csvs_dwd_core_ensemble,MOHC-HadGEM2-ES,CLMcom-CCLM4-8-17,rcp45,r1i1p1,v1,01/01/2021,31/12/2099,FALSE,FALSE,TRUE,TRUE,TRUE,FALSE,FALSE,TRUE,FALSE,TRUE,FALSE,FALSE,FALSE,,,0.73,100_256_230_100_267_25,historic_runs,Brandenburg
147,TRUE,fixed,auto,WW_sfix_hauto,sim.json,crop.json,site.json,FALSE,dwd_core_ensemble,dwd_core_ensemble/csvs_dwd_core_ensemble,MOHC-HadGEM2-ES,CLMcom-CCLM4-8-17,rcp85,r1i1p1,v1,01/01/2021,31/12/2099,FALSE,FALSE,TRUE,TRUE,TRUE,FALSE,FALSE,TRUE,FALSE,TRUE,FALSE,FALSE,FALSE,,,0.73,100_256_230_100_267_25,historic_runs,Brandenburg
148,TRUE,fixed,auto,WW_sfix_hauto,sim.json,crop.json,site.json,FALSE,dwd_core_ensemble,dwd_core_ensemble/csvs_dwd_core_ensemble,MOHC-HadGEM2-ES,KNMI-RACMO22E,rcp26,r1i1p1,v2,01/01/2021,31/12/2099,FALSE,FALSE,TRUE,TRUE,TRUE,FALSE,FALSE,TRUE,FALSE,TRUE,FALSE,FALSE,FALSE,,,1,100_256_230_100_267_25,historic_runs,Brandenburg
149,TRUE,fixed,auto,WW_sfix_hauto,sim.json,crop.json,site.json,FALSE,dwd_core_ensemble,dwd_core_ensemble/csvs_dwd_core_ensemble,MPI-M-MPI-ESM-LR,MPI-CSC-REMO2009,rcp26,r2i1p1,v1,01/01/2021,31/12/2099,FALSE,FALSE,TRUE,TRUE,TRUE,FALSE,FALSE,TRUE,FALSE,TRUE,FALSE,FALSE,FALSE,,,1,100_256_230_100_267_25,historic_runs,Brandenburg
150,TRUE,fixed,auto,WW_sfix_hauto,sim.json,crop.json,site.json,FALSE,dwd_core_ensemble,dwd_core_ensemble/csvs_dwd_core_ensemble,MPI-M-MPI-ESM-LR,MPI-CSC-REMO2009,rcp45,r1i1p1,v1,01/01/2021,31/12/2099,FALSE,FALSE,TRUE,TRUE,TRUE,FALSE,FALSE,TRUE,FALSE,TRUE,FALSE,FALSE,FALSE,,,1,100_256_230_100_267_25,historic_runs,Brandenburg
151,TRUE,fixed,auto,WW_sfix_hauto,sim.json,crop.json,site.json,FALSE,dwd_core_ensemble,dwd_core_ensemble/csvs_dwd_core_ensemble,MPI-M-MPI-ESM-LR,MPI-CSC-REMO2009,rcp45,r2i1p1,v1,01/01/2021,31/12/2099,FALSE,FALSE,TRUE,TRUE,TRUE,FALSE,FALSE,TRUE,FALSE,TRUE,FALSE,FALSE,FALSE,,,1,100_256_230_100_267_25,historic_runs,Brandenburg
152,TRUE,fixed,auto,WW_sfix_hauto,sim.json,crop.json,site.json,FALSE,dwd_core_ensemble,dwd_core_ensemble/csvs_dwd_core_ensemble,MPI-M-MPI-ESM-LR,MPI-CSC-REMO2009,rcp85,r2i1p1,v1,01/01/2021,31/12/2099,FALSE,FALSE,TRUE,TRUE,TRUE,FALSE,FALSE,TRUE,FALSE,TRUE,FALSE,FALSE,FALSE,,,1,100_256_230_100_267_25,historic_runs,Brandenburg
153,TRUE,fixed,auto,WW_sfix_hauto,sim.json,crop.json,site.json,FALSE,dwd_core_ensemble,dwd_core_ensemble/csvs_dwd_core_ensemble,MPI-M-MPI-ESM-LR,UHOH-WRF361H,rcp85,r1i1p1,v1,01/01/2021,31/12/2099,FALSE,FALSE,TRUE,TRUE,TRUE,FALSE,FALSE,TRUE,FALSE,TRUE,FALSE,FALSE,FALSE,,,1,100_256_230_100_267_25,historic_runs,Brandenburg
154,TRUE,fixed,auto,WW_sfix_hauto,sim.json,crop.json,site.json,FALSE,dwd_core_ensemble,dwd_core_ensemble/csvs_dwd_core_ensemble,CCCma-CanESM2,CLMcom-CCLM4-8-17,rcp85,r1i1p1,v1,01/01/2021,31/12/2099,FALSE,FALSE,TRUE,TRUE,TRUE,FALSE,FALSE,TRUE,FALSE,TRUE,FALSE,FALSE,FALSE,,,1,100_256_230_100_267_25,historic_runs,Brandenburg
155,TRUE,fixed,auto,WW_sfix_hauto,sim.json,crop.json,site.json,FALSE,dwd_core_ensemble,dwd_core_ensemble/csvs_dwd_core_ensemble,ICHEC-EC-EARTH,CLMcom-CCLM4-8-17,rcp26,r12i1p1,v1,01/01/2021,31/12/2099,FALSE,FALSE,TRUE,TRUE,TRUE,FALSE,FALSE,TRUE,FALSE,TRUE,FALSE,FALSE,FALSE,,,1,100_256_230_100_267_25,historic_runs,Brandenburg
156,TRUE,fixed,auto,WW_sfix_hauto,sim.json,crop.json,site.json,FALSE,dwd_core_ensemble,dwd_core_ensemble/csvs_dwd_core_ensemble,ICHEC-EC-EARTH,KNMI-RACMO22E,rcp26,r12i1p1,v1,01/01/2021,31/12/2099,FALSE,FALSE,TRUE,TRUE,TRUE,FALSE,FALSE,TRUE,FALSE,TRUE,FALSE,FALSE,FALSE,,,1,100_256_230_100_267_25,historic_runs,Brandenburg
157,TRUE,fixed,auto,WW_sfix_hauto,sim.json,crop.json,site.json,FALSE,dwd_core_ensemble,dwd_core_ensemble/csvs_dwd_core_ensemble,ICHEC-EC-EARTH,KNMI-RACMO22E,rcp45,r1i1p1,v1,01/01/2021,31/12/2099,FALSE,FALSE,TRUE,TRUE,TRUE,FALSE,FALSE,TRUE,FALSE,TRUE,FALSE,FALSE,FALSE,,,1,100_256_230_100_267_25,historic_runs,Brandenburg
158,TRUE,fixed,auto,WW_sfix_hauto,sim.json,crop.json,site.json,FALSE,dwd_core_ensemble,dwd_core_ensemble/csvs_dwd_core_ensemble,ICHEC-EC-EARTH,KNMI-RACMO22E,rcp45,r12i1p1,v1,01/01/2021,31/12/2099,FALSE,FALSE,TRUE,TRUE,TRUE,FALSE,FALSE,TRUE,FALSE,TRUE,FALSE,FALSE,FALSE,,,1,100_256_230_100_267_25,historic_runs,Brandenburg
159,TRUE,fixed,auto,WW_sfix_hauto,sim.json,crop.json,site.json,FALSE,dwd_core_ensemble,dwd_core_ensemble/csvs_dwd_core_ensemble,ICHEC-EC-EARTH,KNMI-RACMO22E,rcp85,r1i1p1,v1,01/01/2021,31/12/2099,FALSE,FALSE,TRUE,TRUE,TRUE,FALSE,FALSE,TRUE,FALSE,TRUE,FALSE,FALSE,FALSE,,,1,100_256_230_100_267_25,historic_runs,Brandenburg
160,TRUE,fixed,auto,WW_sfix_hauto,sim.json,crop.json,site.json,FALSE,dwd_core_ensemble,dwd_core_ensemble/csvs_dwd_core_ensemble,ICHEC-EC-EARTH,SMHI-RCA4,rcp45,r12i1p1,v1,01/01/2021,31/12/2099,FALSE,FALSE,TRUE,TRUE,TRUE,FALSE,FALSE,TRUE,FALSE,TRUE,FALSE,FALSE,FALSE,,,1,100_256_230_100_267_25,historic_runs,Brandenburg
161,TRUE,fixed,auto,WW_sfix_hauto,sim.json,crop.json,site.json,FALSE,dwd_core_ensemble,dwd_core_ensemble/csvs_dwd_core_ensemble,MIROC-MIROC5,CLMcom-CCLM4-8-17,rcp26,r1i1p1,v1,01/01/2021,31/12/2099,FALSE,FALSE,TRUE,TRUE,TRUE,FALSE,FALSE,TRUE,FALSE,TRUE,FALSE,FALSE,FALSE,,,1,100_256_230_100_267_25,historic_runs,Brandenburg
162,TRUE,fixed,auto,WW_sfix_hauto,sim.json,crop.json,site.json,FALSE,dwd_core_ensemble,dwd_core_ensemble/csvs_dwd_core_ensemble,MIROC-MIROC5,GERICS-REMO2015,rcp85,r1i1p1,v1,01/01/2021,31/12/2099,FALSE,FALSE,TRUE,TRUE,TRUE,FALSE,FALSE,TRUE,FALSE,TRUE,FALSE,FALSE,FALSE,,,1,100_256_230_100_267_25,historic_runs,Brandenburg
163,TRUE,fixed,auto,WW_sfix_hauto,sim.json,crop.json,site.json,FALSE,dwd_core_ensemble,dwd_core_ensemble/csvs_dwd_core_ensemble,MOHC-HadGEM2-ES,CLMcom-CCLM4-8-17,rcp45,r1i1p1,v1,01/01/2021,31/12/2099,FALSE,FALSE,TRUE,TRUE,TRUE,FALSE,FALSE,TRUE,FALSE,TRUE,FALSE,FALSE,FALSE,,,1,100_256_230_100_267_25,historic_runs,Brandenburg
164,TRUE,fixed,auto,WW_sfix_hauto,sim.json,crop.json,site.json,FALSE,dwd_core_ensemble,dwd_core_ensemble/csvs_dwd_core_ensemble,MOHC-HadGEM2-ES,CLMcom-CCLM4-8-17,rcp85,r1i1p1,v1,01/01/2021,31/12/2099,FALSE,FALSE,TRUE,TRUE,TRUE,FALSE,FALSE,TRUE,FALSE,TRUE,FALSE,FALSE,FALSE,,,1,100_256_230_100_267_25,historic_runs,Brandenburg
165,TRUE,fixed,auto,WW_sfix_hauto,sim.json,crop.json,site.json,FALSE,dwd_core_ensemble,dwd_core_ensemble/csvs_dwd_core_ensemble,MOHC-HadGEM2-ES,KNMI-RACMO22E,rcp26,r1i1p1,v2,01/01/2021,31/12/2099,FALSE,FALSE,TRUE,TRUE,TRUE,FALSE,FALSE,TRUE,FALSE,TRUE,FALSE,FALSE,FALSE,,,1,100_256_230_100_267_25,historic_runs,Brandenburg
166,TRUE,fixed,auto,WW_sfix_hauto,sim.json,crop.json,site.json,FALSE,dwd_core_ensemble,dwd_core_ensemble/csvs_dwd_core_ensemble,MPI-M-MPI-ESM-LR,MPI-CSC-REMO2009,rcp26,r2i1p1,v1,01/01/2021,31/12/2099,FALSE,FALSE,TRUE,TRUE,TRUE,FALSE,FALSE,TRUE,FALSE,TRUE,FALSE,FALSE,FALSE,,,1,100_256_230_100_267_25,historic_runs,Brandenburg
167,TRUE,fixed,auto,WW_sfix_hauto,sim.json,crop.json,site.json,FALSE,dwd_core_ensemble,dwd_core_ensemble/csvs_dwd_core_ensemble,MPI-M-MPI-ESM-LR,MPI-CSC-REMO2009,rcp45,r1i1p1,v1,01/01/2021,31/12/2099,FALSE,FALSE,TRUE,TRUE,TRUE,FALSE,FALSE,TRUE,FALSE,TRUE,FALSE,FALSE,FALSE,,,1,100_256_230_100_267_25,historic_runs,Brandenburg
168,TRUE,fixed,auto,WW_sfix_hauto,sim.json,crop.json,site.json,FALSE,dwd_core_ensemble,dwd_core_ensemble/csvs_dwd_core_ensemble,MPI-M-MPI-ESM-LR,MPI-CSC-REMO2009,rcp45,r2i1p1,v1,01/01/2021,31/12/2099,FALSE,FALSE,TRUE,TRUE,TRUE,FALSE,FALSE,TRUE,FALSE,TRUE,FALSE,FALSE,FALSE,,,1,100_256_230_100_267_25,historic_runs,Brandenburg
169,TRUE,fixed,auto,WW_sfix_hauto,sim.json,crop.json,site.json,FALSE,dwd_core_ensemble,dwd_core_ensemble/csvs_dwd_core_ensemble,MPI-M-MPI-ESM-LR,MPI-CSC-REMO2009,rcp85,r2i1p1,v1,01/01/2021,31/12/2099,FALSE,FALSE,TRUE,TRUE,TRUE,FALSE,FALSE,TRUE,FALSE,TRUE,FALSE,FALSE,FALSE,,,1,100_256_230_100_267_25,historic_runs,Brandenburg
170,TRUE,fixed,auto,WW_sfix_hauto,sim.json,crop.json,site.json,FALSE,dwd_core_ensemble,dwd_core_ensemble/csvs_dwd_core_ensemble,MPI-M-MPI-ESM-LR,UHOH-WRF361H,rcp85,r1i1p1,v1,01/01/2021,31/12/2099,FALSE,FALSE,TRUE,TRUE,TRUE,FALSE,FALSE,TRUE,FALSE,TRUE,FALSE,FALSE,FALSE,,,1,100_256_230_100_267_25,historic_runs,Brandenburg
171,TRUE,fixed,auto,WW_sfix_hauto,sim.json,crop.json,site.json,FALSE,dwd_core_ensemble,dwd_core_ensemble/csvs_dwd_core_ensemble,CCCma-CanESM2,CLMcom-CCLM4-8-17,rcp85,r1i1p1,v1,01/01/2021,31/12/2099,FALSE,FALSE,TRUE,TRUE,TRUE,FALSE,FALSE,TRUE,FALSE,TRUE,FALSE,FALSE,FALSE,,,1,100_256_230_100_267_25,historic_runs,Brandenburg
172,TRUE,fixed,auto,WW_sfix_hauto,sim.json,crop.json,site.json,FALSE,dwd_core_ensemble,dwd_core_ensemble/csvs_dwd_core_ensemble,ICHEC-EC-EARTH,CLMcom-CCLM4-8-17,rcp26,r12i1p1,v1,01/01/2021,31/12/2099,FALSE,FALSE,TRUE,TRUE,TRUE,FALSE,FALSE,TRUE,FALSE,TRUE,FALSE,FALSE,FALSE,,,1,100_256_230_100_267_25,historic_runs,Brandenburg
173,TRUE,fixed,auto,WW_sfix_hauto,sim.json,crop.json,site.json,FALSE,dwd_core_ensemble,dwd_core_ensemble/csvs_dwd_core_ensemble,ICHEC-EC-EARTH,KNMI-RACMO22E,rcp26,r12i1p1,v1,01/01/2021,31/12/2099,FALSE,FALSE,TRUE,TRUE,TRUE,FALSE,FALSE,TRUE,FALSE,TRUE,FALSE,FALSE,FALSE,,,1,100_256_230_100_267_25,historic_runs,Brandenburg
174,TRUE,fixed,auto,WW_sfix_hauto,sim.json,crop.json,site.json,FALSE,dwd_core_ensemble,dwd_core_ensemble/csvs_dwd_core_ensemble,ICHEC-EC-EARTH,KNMI-RACMO22E,rcp45,r1i1p1,v1,01/01/2021,31/12/2099,FALSE,FALSE,TRUE,TRUE,TRUE,FALSE,FALSE,TRUE,FALSE,TRUE,FALSE,FALSE,FALSE,,,1,100_256_230_100_267_25,historic_runs,Brandenburg
175,TRUE,fixed,auto,WW_sfix_hauto,sim.json,crop.json,site.json,FALSE,dwd_core_ensemble,dwd_core_ensemble/csvs_dwd_core_ensemble,ICHEC-EC-EARTH,KNMI-RACMO22E,rcp45,r12i1p1,v1,01/01/2021,31/12/2099,FALSE,FALSE,TRUE,TRUE,TRUE,FALSE,FALSE,TRUE,FALSE,TRUE,FALSE,FALSE,FALSE,,,1,100_256_230_100_267_25,historic_runs,Brandenburg
176,TRUE,fixed,auto,WW_sfix_hauto,sim.json,crop.json,site.json,FALSE,dwd_core_ensemble,dwd_core_ensemble/csvs_dwd_core_ensemble,ICHEC-EC-EARTH,KNMI-RACMO22E,rcp85,r1i1p1,v1,01/01/2021,31/12/2099,FALSE,FALSE,TRUE,TRUE,TRUE,FALSE,FALSE,TRUE,FALSE,TRUE,FALSE,FALSE,FALSE,,,1,100_256_230_100_267_25,historic_runs,Brandenburg
177,TRUE,fixed,auto,WW_sfix_hauto,sim.json,crop.json,site.json,FALSE,dwd_core_ensemble,dwd_core_ensemble/csvs_dwd_core_ensemble,ICHEC-EC-EARTH,SMHI-RCA4,rcp45,r12i1p1,v1,01/01/2021,31/12/2099,FALSE,FALSE,TRUE,TRUE,TRUE,FALSE,FALSE,TRUE,FALSE,TRUE,FALSE,FALSE,FALSE,,,1,100_256_230_100_267_25,historic_runs,Brandenburg
178,TRUE,fixed,auto,WW_sfix_hauto,sim.json,crop.json,site.json,FALSE,dwd_core_ensemble,dwd_core_ensemble/csvs_dwd_core_ensemble,MIROC-MIROC5,CLMcom-CCLM4-8-17,rcp26,r1i1p1,v1,01/01/2021,31/12/2099,FALSE,FALSE,TRUE,TRUE,TRUE,FALSE,FALSE,TRUE,FALSE,TRUE,FALSE,FALSE,FALSE,,,1,100_256_230_100_267_25,historic_runs,Brandenburg
179,TRUE,fixed,auto,WW_sfix_hauto,sim.json,crop.json,site.json,FALSE,dwd_core_ensemble,dwd_core_ensemble/csvs_dwd_core_ensemble,MIROC-MIROC5,GERICS-REMO2015,rcp85,r1i1p1,v1,01/01/2021,31/12/2099,FALSE,FALSE,TRUE,TRUE,TRUE,FALSE,FALSE,TRUE,FALSE,TRUE,FALSE,FALSE,FALSE,,,1,100_256_230_100_267_25,historic_runs,Brandenburg
180,TRUE,fixed,auto,WW_sfix_hauto,sim.json,crop.json,site.json,FALSE,dwd_core_ensemble,dwd_core_ensemble/csvs_dwd_core_ensemble,MOHC-HadGEM2-ES,CLMcom-CCLM4-8-17,rcp45,r1i1p1,v1,01/01/2021,31/12/2099,FALSE,FALSE,TRUE,TRUE,TRUE,FALSE,FALSE,TRUE,FALSE,TRUE,FALSE,FALSE,FALSE,,,1,100_256_230_100_267_25,historic_runs,Brandenburg
181,TRUE,fixed,auto,WW_sfix_hauto,sim.json,crop.json,site.json,FALSE,dwd_core_ensemble,dwd_core_ensemble/csvs_dwd_core_ensemble,MOHC-HadGEM2-ES,CLMcom-CCLM4-8-17,rcp85,r1i1p1,v1,01/01/2021,31/12/2099,FALSE,FALSE,TRUE,TRUE,TRUE,FALSE,FALSE,TRUE,FALSE,TRUE,FALSE,FALSE,FALSE,,,1,100_256_230_100_267_25,historic_runs,Brandenburg
182,TRUE,fixed,auto,WW_sfix_hauto,sim.json,crop.json,site.json,FALSE,dwd_core_ensemble,dwd_core_ensemble/csvs_dwd_core_ensemble,MOHC-HadGEM2-ES,KNMI-RACMO22E,rcp26,r1i1p1,v2,01/01/2021,31/12/2099,FALSE,FALSE,TRUE,TRUE,TRUE,FALSE,FALSE,TRUE,FALSE,TRUE,FALSE,FALSE,FALSE,,,1,100_256_230_100_267_25,historic_runs,Brandenburg
183,TRUE,fixed,auto,WW_sfix_hauto,sim.json,crop.json,site.json,FALSE,dwd_core_ensemble,dwd_core_ensemble/csvs_dwd_core_ensemble,MPI-M-MPI-ESM-LR,MPI-CSC-REMO2009,rcp26,r2i1p1,v1,01/01/2021,31/12/2099,FALSE,FALSE,TRUE,TRUE,TRUE,FALSE,FALSE,TRUE,FALSE,TRUE,FALSE,FALSE,FALSE,,,1,100_256_230_100_267_25,historic_runs,Brandenburg
184,TRUE,fixed,auto,WW_sfix_hauto,sim.json,crop.json,site.json,FALSE,dwd_core_ensemble,dwd_core_ensemble/csvs_dwd_core_ensemble,MPI-M-MPI-ESM-LR,MPI-CSC-REMO2009,rcp45,r1i1p1,v1,01/01/2021,31/12/2099,FALSE,FALSE,TRUE,TRUE,TRUE,FALSE,FALSE,TRUE,FALSE,TRUE,FALSE,FALSE,FALSE,,,1,100_256_230_100_267_25,historic_runs,Brandenburg
185,TRUE,fixed,auto,WW_sfix_hauto,sim.json,crop.json,site.json,FALSE,dwd_core_ensemble,dwd_core_ensemble/csvs_dwd_core_ensemble,MPI-M-MPI-ESM-LR,MPI-CSC-REMO2009,rcp45,r2i1p1,v1,01/01/2021,31/12/2099,FALSE,FALSE,TRUE,TRUE,TRUE,FALSE,FALSE,TRUE,FALSE,TRUE,FALSE,FALSE,FALSE,,,1,100_256_230_100_267_25,historic_runs,Brandenburg
186,TRUE,fixed,auto,WW_sfix_hauto,sim.json,crop.json,site.json,FALSE,dwd_core_ensemble,dwd_core_ensemble/csvs_dwd_core_ensemble,MPI-M-MPI-ESM-LR,MPI-CSC-REMO2009,rcp85,r2i1p1,v1,01/01/2021,31/12/2099,FALSE,FALSE,TRUE,TRUE,TRUE,FALSE,FALSE,TRUE,FALSE,TRUE,FALSE,FALSE,FALSE,,,1,100_256_230_100_267_25,historic_runs,Brandenburg
187,TRUE,fixed,auto,WW_sfix_hauto,sim.json,crop.json,site.json,FALSE,dwd_core_ensemble,dwd_core_ensemble/csvs_dwd_core_ensemble,MPI-M-MPI-ESM-LR,UHOH-WRF361H,rcp85,r1i1p1,v1,01/01/2021,31/12/2099,FALSE,FALSE,TRUE,TRUE,TRUE,FALSE,FALSE,TRUE,FALSE,TRUE,FALSE,FALSE,FALSE,,,1,100_256_230_100_267_25,historic_runs,Brandenburg
188,TRUE,fixed,auto,WW_sfix_hauto,sim.json,crop.json,site.json,FALSE,dwd_core_ensemble,dwd_core_ensemble/csvs_dwd_core_ensemble,CCCma-CanESM2,CLMcom-CCLM4-8-17,rcp85,r1i1p1,v1,01/01/2021,31/12/2099,FALSE,FALSE,TRUE,TRUE,TRUE,FALSE,FALSE,TRUE,FALSE,TRUE,FALSE,FALSE,FALSE,,,1,100_256_230_100_267_25,historic_runs,Brandenburg
189,TRUE,fixed,auto,WW_sfix_hauto,sim.json,crop.json,site.json,FALSE,dwd_core_ensemble,dwd_core_ensemble/csvs_dwd_core_ensemble,ICHEC-EC-EARTH,CLMcom-CCLM4-8-17,rcp26,r12i1p1,v1,01/01/2021,31/12/2099,FALSE,FALSE,TRUE,TRUE,TRUE,FALSE,FALSE,TRUE,FALSE,TRUE,FALSE,FALSE,FALSE,,,1,100_256_230_100_267_25,historic_runs,Brandenburg
190,TRUE,fixed,auto,WW_sfix_hauto,sim.json,crop.json,site.json,FALSE,dwd_core_ensemble,dwd_core_ensemble/csvs_dwd_core_ensemble,ICHEC-EC-EARTH,KNMI-RACMO22E,rcp26,r12i1p1,v1,01/01/2021,31/12/2099,FALSE,FALSE,TRUE,TRUE,TRUE,FALSE,FALSE,TRUE,FALSE,TRUE,FALSE,FALSE,FALSE,,,1,100_256_230_100_267_25,historic_runs,Brandenburg
191,TRUE,fixed,auto,WW_sfix_hauto,sim.json,crop.json,site.json,FALSE,dwd_core_ensemble,dwd_core_ensemble/csvs_dwd_core_ensemble,ICHEC-EC-EARTH,KNMI-RACMO22E,rcp45,r1i1p1,v1,01/01/2021,31/12/2099,FALSE,FALSE,TRUE,TRUE,TRUE,FALSE,FALSE,TRUE,FALSE,TRUE,FALSE,FALSE,FALSE,,,1,100_256_230_100_267_25,historic_runs,Brandenburg
192,TRUE,fixed,auto,WW_sfix_hauto,sim.json,crop.json,site.json,FALSE,dwd_core_ensemble,dwd_core_ensemble/csvs_dwd_core_ensemble,ICHEC-EC-EARTH,KNMI-RACMO22E,rcp45,r12i1p1,v1,01/01/2021,31/12/2099,FALSE,FALSE,TRUE,TRUE,TRUE,FALSE,FALSE,TRUE,FALSE,TRUE,FALSE,FALSE,FALSE,,,1,100_256_230_100_267_25,historic_runs,Brandenburg
193,TRUE,fixed,auto,WW_sfix_hauto,sim.json,crop.json,site.json,FALSE,dwd_core_ensemble,dwd_core_ensemble/csvs_dwd_core_ensemble,ICHEC-EC-EARTH,KNMI-RACMO22E,rcp85,r1i1p1,v1,01/01/2021,31/12/2099,FALSE,FALSE,TRUE,TRUE,TRUE,FALSE,FALSE,TRUE,FALSE,TRUE,FALSE,FALSE,FALSE,,,1,100_256_230_100_267_25,historic_runs,Brandenburg
194,TRUE,fixed,auto,WW_sfix_hauto,sim.json,crop.json,site.json,FALSE,dwd_core_ensemble,dwd_core_ensemble/csvs_dwd_core_ensemble,ICHEC-EC-EARTH,SMHI-RCA4,rcp45,r12i1p1,v1,01/01/2021,31/12/2099,FALSE,FALSE,TRUE,TRUE,TRUE,FALSE,FALSE,TRUE,FALSE,TRUE,FALSE,FALSE,FALSE,,,1,100_256_230_100_267_25,historic_runs,Brandenburg
195,TRUE,fixed,auto,WW_sfix_hauto,sim.json,crop.json,site.json,FALSE,dwd_core_ensemble,dwd_core_ensemble/csvs_dwd_core_ensemble,MIROC-MIROC5,CLMcom-CCLM4-8-17,rcp26,r1i1p1,v1,01/01/2021,31/12/2099,FALSE,FALSE,TRUE,TRUE,TRUE,FALSE,FALSE,TRUE,FALSE,TRUE,FALSE,FALSE,FALSE,,,1,100_256_230_100_267_25,historic_runs,Brandenburg
196,TRUE,fixed,auto,WW_sfix_hauto,sim.json,crop.json,site.json,FALSE,dwd_core_ensemble,dwd_core_ensemble/csvs_dwd_core_ensemble,MIROC-MIROC5,GERICS-REMO2015,rcp85,r1i1p1,v1,01/01/2021,31/12/2099,FALSE,FALSE,TRUE,TRUE,TRUE,FALSE,FALSE,TRUE,FALSE,TRUE,FALSE,FALSE,FALSE,,,1,100_256_230_100_267_25,historic_runs,Brandenburg
197,TRUE,fixed,auto,WW_sfix_hauto,sim.json,crop.json,site.json,FALSE,dwd_core_ensemble,dwd_core_ensemble/csvs_dwd_core_ensemble,MOHC-HadGEM2-ES,CLMcom-CCLM4-8-17,rcp45,r1i1p1,v1,01/01/2021,31/12/2099,FALSE,FALSE,TRUE,TRUE,TRUE,FALSE,FALSE,TRUE,FALSE,TRUE,FALSE,FALSE,FALSE,,,1,100_256_230_100_267_25,historic_runs,Brandenburg
198,TRUE,fixed,auto,WW_sfix_hauto,sim.json,crop.json,site.json,FALSE,dwd_core_ensemble,dwd_core_ensemble/csvs_dwd_core_ensemble,MOHC-HadGEM2-ES,CLMcom-CCLM4-8-17,rcp85,r1i1p1,v1,01/01/2021,31/12/2099,FALSE,FALSE,TRUE,TRUE,TRUE,FALSE,FALSE,TRUE,FALSE,TRUE,FALSE,FALSE,FALSE,,,1,100_256_230_100_267_25,historic_runs,Brandenburg
199,TRUE,fixed,auto,WW_sfix_hauto,sim.json,crop.json,site.json,FALSE,dwd_core_ensemble,dwd_core_ensemble/csvs_dwd_core_ensemble,MOHC-HadGEM2-ES,KNMI-RACMO22E,rcp26,r1i1p1,v2,01/01/2021,31/12/2099,FALSE,FALSE,TRUE,TRUE,TRUE,FALSE,FALSE,TRUE,FALSE,TRUE,FALSE,FALSE,FALSE,,,1,100_256_230_100_267_25,historic_runs,Brandenburg
200,TRUE,fixed,auto,WW_sfix_hauto,sim.json,crop.json,site.json,FALSE,dwd_core_ensemble,dwd_core_ensemble/csvs_dwd_core_ensemble,MPI-M-MPI-ESM-LR,MPI-CSC-REMO2009,rcp26,r2i1p1,v1,01/01/2021,31/12/2099,FALSE,FALSE,TRUE,TRUE,TRUE,FALSE,FALSE,TRUE,FALSE,TRUE,FALSE,FALSE,FALSE,,,1,100_256_230_100_267_25,historic_runs,Brandenburg
201,TRUE,fixed,auto,WW_sfix_hauto,sim.json,crop.json,site.json,FALSE,dwd_core_ensemble,dwd_core_ensemble/csvs_dwd_core_ensemble,MPI-M-MPI-ESM-LR,MPI-CSC-REMO2009,rcp45,r1i1p1,v1,01/01/2021,31/12/2099,FALSE,FALSE,TRUE,TRUE,TRUE,FALSE,FALSE,TRUE,FALSE,TRUE,FALSE,FALSE,FALSE,,,1,100_256_230_100_267_25,historic_runs,Brandenburg
202,TRUE,fixed,auto,WW_sfix_hauto,sim.json,crop.json,site.json,FALSE,dwd_core_ensemble,dwd_core_ensemble/csvs_dwd_core_ensemble,MPI-M-MPI-ESM-LR,MPI-CSC-REMO2009,rcp45,r2i1p1,v1,01/01/2021,31/12/2099,FALSE,FALSE,TRUE,TRUE,TRUE,FALSE,FALSE,TRUE,FALSE,TRUE,FALSE,FALSE,FALSE,,,1,100_256_230_100_267_25,historic_runs,Brandenburg
203,TRUE,fixed,auto,WW_sfix_hauto,sim.json,crop.json,site.json,FALSE,dwd_core_ensemble,dwd_core_ensemble/csvs_dwd_core_ensemble,MPI-M-MPI-ESM-LR,MPI-CSC-REMO2009,rcp85,r2i1p1,v1,01/01/2021,31/12/2099,FALSE,FALSE,TRUE,TRUE,TRUE,FALSE,FALSE,TRUE,FALSE,TRUE,FALSE,FALSE,FALSE,,,1,100_256_230_100_267_25,historic_runs,Brandenburg
204,TRUE,fixed,auto,WW_sfix_hauto,sim.json,crop.json,site.json,FALSE,dwd_core_ensemble,dwd_core_ensemble/csvs_dwd_core_ensemble,MPI-M-MPI-ESM-LR,UHOH-WRF361H,rcp85,r1i1p1,v1,01/01/2021,31/12/2099,FALSE,FALSE,TRUE,TRUE,TRUE,FALSE,FALSE,TRUE,FALSE,TRUE,FALSE,FALSE,FALSE,,,1,100_256_230_100_267_25,historic_runs,Brandenburg
205,TRUE,fixed,auto,WW_sfix_hauto,sim.json,crop.json,site.json,FALSE,dwd_core_ensemble,dwd_core_ensemble/csvs_dwd_core_ensemble,CCCma-CanESM2,CLMcom-CCLM4-8-17,rcp85,r1i1p1,v1,01/01/2021,31/12/2099,FALSE,FALSE,TRUE,TRUE,TRUE,FALSE,FALSE,TRUE,FALSE,TRUE,FALSE,FALSE,FALSE,,,1,100_256_230_100_267_25,historic_runs,Brandenburg
206,TRUE,fixed,auto,WW_sfix_hauto,sim.json,crop.json,site.json,FALSE,dwd_core_ensemble,dwd_core_ensemble/csvs_dwd_core_ensemble,ICHEC-EC-EARTH,CLMcom-CCLM4-8-17,rcp26,r12i1p1,v1,01/01/2021,31/12/2099,FALSE,FALSE,TRUE,TRUE,TRUE,FALSE,FALSE,TRUE,FALSE,TRUE,FALSE,FALSE,FALSE,,,1,100_256_230_100_267_25,historic_runs,Brandenburg
207,TRUE,fixed,auto,WW_sfix_hauto,sim.json,crop.json,site.json,FALSE,dwd_core_ensemble,dwd_core_ensemble/csvs_dwd_core_ensemble,ICHEC-EC-EARTH,KNMI-RACMO22E,rcp26,r12i1p1,v1,01/01/2021,31/12/2099,FALSE,FALSE,TRUE,TRUE,TRUE,FALSE,FALSE,TRUE,FALSE,TRUE,FALSE,FALSE,FALSE,,,1,100_256_230_100_267_25,historic_runs,Brandenburg
208,TRUE,fixed,auto,WW_sfix_hauto,sim.json,crop.json,site.json,FALSE,dwd_core_ensemble,dwd_core_ensemble/csvs_dwd_core_ensemble,ICHEC-EC-EARTH,KNMI-RACMO22E,rcp45,r1i1p1,v1,01/01/2021,31/12/2099,FALSE,FALSE,TRUE,TRUE,TRUE,FALSE,FALSE,TRUE,FALSE,TRUE,FALSE,FALSE,FALSE,,,1,100_256_230_100_267_25,historic_runs,Brandenburg
209,TRUE,fixed,auto,WW_sfix_hauto,sim.json,crop.json,site.json,FALSE,dwd_core_ensemble,dwd_core_ensemble/csvs_dwd_core_ensemble,ICHEC-EC-EARTH,KNMI-RACMO22E,rcp45,r12i1p1,v1,01/01/2021,31/12/2099,FALSE,FALSE,TRUE,TRUE,TRUE,FALSE,FALSE,TRUE,FALSE,TRUE,FALSE,FALSE,FALSE,,,1,100_256_230_100_267_25,historic_runs,Brandenburg
210,TRUE,fixed,auto,WW_sfix_hauto,sim.json,crop.json,site.json,FALSE,dwd_core_ensemble,dwd_core_ensemble/csvs_dwd_core_ensemble,ICHEC-EC-EARTH,KNMI-RACMO22E,rcp85,r1i1p1,v1,01/01/2021,31/12/2099,FALSE,FALSE,TRUE,TRUE,TRUE,FALSE,FALSE,TRUE,FALSE,TRUE,FALSE,FALSE,FALSE,,,1,100_256_230_100_267_25,historic_runs,Brandenburg
211,TRUE,fixed,auto,WW_sfix_hauto,sim.json,crop.json,site.json,FALSE,dwd_core_ensemble,dwd_core_ensemble/csvs_dwd_core_ensemble,ICHEC-EC-EARTH,SMHI-RCA4,rcp45,r12i1p1,v1,01/01/2021,31/12/2099,FALSE,FALSE,TRUE,TRUE,TRUE,FALSE,FALSE,TRUE,FALSE,TRUE,FALSE,FALSE,FALSE,,,1,100_256_230_100_267_25,historic_runs,Brandenburg
212,TRUE,fixed,auto,WW_sfix_hauto,sim.json,crop.json,site.json,FALSE,dwd_core_ensemble,dwd_core_ensemble/csvs_dwd_core_ensemble,MIROC-MIROC5,CLMcom-CCLM4-8-17,rcp26,r1i1p1,v1,01/01/2021,31/12/2099,FALSE,FALSE,TRUE,TRUE,TRUE,FALSE,FALSE,TRUE,FALSE,TRUE,FALSE,FALSE,FALSE,,,1,100_256_230_100_267_25,historic_runs,Brandenburg
213,TRUE,fixed,auto,WW_sfix_hauto,sim.json,crop.json,site.json,FALSE,dwd_core_ensemble,dwd_core_ensemble/csvs_dwd_core_ensemble,MIROC-MIROC5,GERICS-REMO2015,rcp85,r1i1p1,v1,01/01/2021,31/12/2099,FALSE,FALSE,TRUE,TRUE,TRUE,FALSE,FALSE,TRUE,FALSE,TRUE,FALSE,FALSE,FALSE,,,1,100_256_230_100_267_25,historic_runs,Brandenburg
214,TRUE,fixed,auto,WW_sfix_hauto,sim.json,crop.json,site.json,FALSE,dwd_core_ensemble,dwd_core_ensemble/csvs_dwd_core_ensemble,MOHC-HadGEM2-ES,CLMcom-CCLM4-8-17,rcp45,r1i1p1,v1,01/01/2021,31/12/2099,FALSE,FALSE,TRUE,TRUE,TRUE,FALSE,FALSE,TRUE,FALSE,TRUE,FALSE,FALSE,FALSE,,,1,100_256_230_100_267_25,historic_runs,Brandenburg
215,TRUE,fixed,auto,WW_sfix_hauto,sim.json,crop.json,site.json,FALSE,dwd_core_ensemble,dwd_core_ensemble/csvs_dwd_core_ensemble,MOHC-HadGEM2-ES,CLMcom-CCLM4-8-17,rcp85,r1i1p1,v1,01/01/2021,31/12/2099,FALSE,FALSE,TRUE,TRUE,TRUE,FALSE,FALSE,TRUE,FALSE,TRUE,FALSE,FALSE,FALSE,,,1,100_256_230_100_267_25,historic_runs,Brandenburg
216,TRUE,fixed,auto,WW_sfix_hauto,sim.json,crop.json,site.json,FALSE,dwd_core_ensemble,dwd_core_ensemble/csvs_dwd_core_ensemble,MOHC-HadGEM2-ES,KNMI-RACMO22E,rcp26,r1i1p1,v2,01/01/2021,31/12/2099,FALSE,FALSE,TRUE,TRUE,TRUE,FALSE,FALSE,TRUE,FALSE,TRUE,FALSE,FALSE,FALSE,,,1,100_256_230_100_267_25,historic_runs,Brandenburg
217,TRUE,fixed,auto,WW_sfix_hauto,sim.json,crop.json,site.json,FALSE,dwd_core_ensemble,dwd_core_ensemble/csvs_dwd_core_ensemble,MPI-M-MPI-ESM-LR,MPI-CSC-REMO2009,rcp26,r2i1p1,v1,01/01/2021,31/12/2099,FALSE,FALSE,TRUE,TRUE,TRUE,FALSE,FALSE,TRUE,FALSE,TRUE,FALSE,FALSE,FALSE,,,1,100_256_230_100_267_25,historic_runs,Brandenburg
218,TRUE,fixed,auto,WW_sfix_hauto,sim.json,crop.json,site.json,FALSE,dwd_core_ensemble,dwd_core_ensemble/csvs_dwd_core_ensemble,MPI-M-MPI-ESM-LR,MPI-CSC-REMO2009,rcp45,r1i1p1,v1,01/01/2021,31/12/2099,FALSE,FALSE,TRUE,TRUE,TRUE,FALSE,FALSE,TRUE,FALSE,TRUE,FALSE,FALSE,FALSE,,,1,100_256_230_100_267_25,historic_runs,Brandenburg
219,TRUE,fixed,auto,WW_sfix_hauto,sim.json,crop.json,site.json,FALSE,dwd_core_ensemble,dwd_core_ensemble/csvs_dwd_core_ensemble,MPI-M-MPI-ESM-LR,MPI-CSC-REMO2009,rcp45,r2i1p1,v1,01/01/2021,31/12/2099,FALSE,FALSE,TRUE,TRUE,TRUE,FALSE,FALSE,TRUE,FALSE,TRUE,FALSE,FALSE,FALSE,,,1,100_256_230_100_267_25,historic_runs,Brandenburg
220,TRUE,fixed,auto,WW_sfix_hauto,sim.json,crop.json,site.json,FALSE,dwd_core_ensemble,dwd_core_ensemble/csvs_dwd_core_ensemble,MPI-M-MPI-ESM-LR,MPI-CSC-REMO2009,rcp85,r2i1p1,v1,01/01/2021,31/12/2099,FALSE,FALSE,TRUE,TRUE,TRUE,FALSE,FALSE,TRUE,FALSE,TRUE,FALSE,FALSE,FALSE,,,1,100_256_230_100_267_25,historic_runs,Brandenburg
221,TRUE,fixed,auto,WW_sfix_hauto,sim.json,crop.json,site.json,FALSE,dwd_core_ensemble,dwd_core_ensemble/csvs_dwd_core_ensemble,MPI-M-MPI-ESM-LR,UHOH-WRF361H,rcp85,r1i1p1,v1,01/01/2021,31/12/2099,FALSE,FALSE,TRUE,TRUE,TRUE,FALSE,FALSE,TRUE,FALSE,TRUE,FALSE,FALSE,FALSE,,,0.73,100_256_230_100_267_25,historic_runs,Brandenburg
